world_rank,institution,national_rank,quality_of_education,alumni_employment,quality_of_faculty,publications,influence,citations,broad_impact,patents,score,control,city,state
1,Harvard University,"USA, 1",1,1,1,1,1,1,1.0,3,100.0,Private (non-profit),Cambridge,MA
2,Stanford University,"USA, 2",9,2,4,5,3,3,4.0,10,98.66,Private (non-profit),Stanford,CA
3,Massachusetts Institute of Technology,"USA, 3",3,11,2,15,2,2,2.0,1,97.54,Private (non-profit),Cambridge,MA
4,University of Cambridge,"UK, 1",2,10,5,11,6,12,13.0,48,96.81,,,
5,University of Oxford,"United Kingdom, 2",7,13,10,7,12,7,9.0,15,96.46,,,
6,Columbia University,"USA, 4",13,6,9,13,13,11,12.0,4,96.14,Private (non-profit),New York,NY
7,"University of California
Berkeley","USA, 5",5,21,6,10,4,4,7.0,29,92.25,Public,Berkeley,CA
8,University of Chicago,"USA, 6",11,14,8,17,16,12,22.0,141,90.7,Private (non-profit),Chicago,IL
9,Princeton University,"USA, 7",4,15,3,72,25,24,33.0,225,89.42,Private (non-profit),Princeton,NJ
10,Cornell University,"United States, 8",12,18,14,24,15,25,22.0,11,86.79,Private (non-profit),Ithaca,NY
11,Yale University,"USA, 9",10,26,11,18,8,35,20.0,49,86.61,Private (non-profit),New Haven,CT
12,California Institute of Technology,"USA, 10",6,328,7,53,9,19,25.0,13,84.4,Private (non-profit),Pasadena,CA
13,University of Tokyo,"Japan, 1",16,3,38,14,19,31,29.0,7,78.23,,,
14,University of Pennsylvania,"USA, 11",20,4,28,8,18,14,9.0,14,77.6,Private (non-profit),Philadelphia,PA
15,"University of California
Los Angeles","United States, 12",28,27,13,6,14,8,6.0,9,76.91,Public,Los Angeles,CA
16,Johns Hopkins University,"United States, 13",18,84,16,4,11,5,3.0,2,71.6,Private (non-profit),Baltimore,MD
17,Kyoto University,"Japan, 2",22,16,24,30,42,88,60.0,16,68.6,,,
18,New York University,"United States, 14",32,22,18,47,29,46,32.0,43,68.39,Private (non-profit),New York,NY
19,"University of Michigan
Ann Arbor","United States, 15",24,17,140,3,20,6,14.0,12,68.36,,,
20,Swiss Federal Institute of Technology in Zurich,"Switzerland, 1",17,64,17,44,27,39,79.0,57,66.93,,,
21,"University of California
San Diego","United States, 16",36,567,19,16,5,15,15.0,17,66.59,Public,San Diego,CA
22,Northwestern University,"United States, 17",163,12,104,27,34,27,26.0,42,66.56,Private (non-profit),Evanston,IL
23,Hebrew University of Jerusalem,"Israel, 1",15,164,15,120,97,368,143.0,35,65.71,,,
24,Seoul National University,"South Korea, 1",367,9,218,36,163,146,112.0,6,64.82,,,
25,University of Wisconsin–Madison,"USA, 18",29,29,34,21,24,22,27.0,27,64.51,Public,Madison,WI
26,"University of California
San Francisco","USA, 19",367,567,20,22,7,15,11.0,56,63.69,,,
27,University College London,"United Kingdom, 3",21,447,27,12,22,15,18.0,67,62.27,,,
28,Duke University,"USA, 20",74,31,56,19,23,15,16.0,33,61.55,Private (non-profit),Durham,NC
29,Rockefeller University,"USA, 21",49,567,12,372,28,115,70.0,289,61.28,,,
30,University of Texas at Austin,"United States, 22",75,36,25,48,50,26,71.0,38,61.14,Public,Austin,TX
31,University of Washington - Seattle,"USA, 23",48,103,41,9,10,10,5.0,40,60.61,,,
32,University of Toronto,"Canada, 1",70,51,32,2,17,9,8.0,145,60.04,,,
33,University of Illinois at Urbana–Champaign,"United States, 24",33,75,21,40,48,42,74.0,65,59.94,,,
34,Keio University,"Japan, 3",284,5,218,309,246,368,270.0,80,59.84,,,
35,Imperial College London,"United Kingdom, 4",90,82,30,19,26,23,19.0,47,59.61,,,
36,École Polytechnique,"France, 1",98,7,216,327,314,234,295.0,172,59.2,,,
37,École normale supérieure - Paris,"France, 2",8,502,54,379,157,645,295.0,871,58.8,,,
38,Waseda University,"Japan, 4",288,8,218,406,389,368,388.0,248,58.17,,,
39,Weizmann Institute of Science,"Israel, 2",19,567,22,246,63,234,143.0,45,57.17,,,
40,University of North Carolina at Chapel Hill,"USA, 25",124,69,86,32,32,19,21.0,41,57.09,Public,Chapel Hill,NC
41,University of Virginia,"United States, 26",209,20,126,94,74,88,90.0,97,56.73,Public,Charlottesville,VA
42,McGill University,"Canada, 2",34,37,75,33,53,44,34.0,132,56.49,,,
43,"Purdue University
West Lafayette","USA, 27",55,33,47,75,95,68,117.0,28,56.39,,,
44,Dartmouth College,"USA, 28",40,19,218,246,167,136,154.0,63,56.35,Private (non-profit),Hanover,NH
45,Osaka University,"Japan, 5",46,39,75,50,58,182,67.0,18,56.03,,,
46,University of Pittsburgh - Pittsburgh Campus,"USA, 29",79,169,218,25,57,21,24.0,50,55.63,,,
47,"Pennsylvania State University
University Park","USA, 30",230,44,62,49,43,28,38.0,92,55.54,,,
48,"University of Minnesota
Twin Cities","United States, 31",63,130,63,23,40,31,28.0,59,55.51,,,
49,"Ohio State University
Columbus","United States, 32",96,87,82,28,52,31,38.0,44,55.39,,,
50,Rutgers University-New Brunswick,"USA, 33",91,40,37,100,66,46,89.0,61,55.23,,,
51,University of Southern California,"United States, 34",152,62,39,57,64,101,56.0,34,55.12,Private (non-profit),Los Angeles,CA
52,Washington University in St. Louis,"USA, 35",101,96,71,41,21,29,17.0,169,55.03,Private (non-profit),Saint Louis,MO
53,"University of California
Davis","USA, 36",54,227,59,29,33,35,52.0,62,54.85,Public,Davis,CA
54,University of Colorado Boulder,"USA, 37",80,67,31,96,38,45,74.0,133,54.62,Public,Boulder,CO
55,University of Edinburgh,"United Kingdom, 5",44,127,33,54,37,65,43.0,228,54.39,,,
56,Peking University,"China, 1",182,38,218,52,131,182,125.0,20,54.26,,,
57,National Taiwan University,"Taiwan, 1",92,25,218,46,223,182,204.0,695,54.23,,,
58,University of Paris-Sud,"France, 3",26,393,26,73,86,115,97.0,324,54.21,,,
59,Lomonosov Moscow State University,"Russia, 1",14,175,48,268,254,287,344.0,861,54.19,,,
60,University of Florida,"USA, 38",214,276,96,37,73,46,59.0,5,54.18,Public,Gainesville,FL
61,Carnegie Mellon University,"United States, 39",25,160,23,211,225,78,150.0,165,54.0,Private (non-profit),Pittsburgh,PA
62,University of British Columbia,"Canada, 3",81,275,93,26,36,37,34.0,81,53.92,,,
63,Pierre-and-Marie-Curie University,"France, 4",30,404,88,31,35,68,63.0,87,53.79,,,
64,"University of California
Santa Barbara","USA, 40",133,280,29,111,59,46,55.0,77,53.63,Public,Santa Barbara,CA
65,National University of Singapore,"Singapore, 1",367,98,218,34,125,78,90.0,25,53.44,,,
66,Boston University,"USA, 41",303,54,83,60,45,37,34.0,135,53.43,Private (non-profit),Boston,MA
67,University of Manchester,"United Kingdom, 6",99,92,72,43,70,29,53.0,142,53.38,,,
68,University of Arizona,"USA, 42",139,55,87,74,39,31,49.0,235,53.26,Public,Tucson,AZ
69,Vanderbilt University,"USA, 43",87,94,110,55,62,59,41.0,51,53.05,Private (non-profit),Nashville,TN
70,University of Utah,"USA, 44",97,105,67,97,65,101,90.0,19,52.89,Public,Salt Lake City,UT
71,Karolinska Institute,"Sweden, 1",149,567,36,51,54,52,34.0,743,52.79,,,
72,"University of Maryland
College Park","United States, 45",68,210,43,58,47,39,67.0,280,52.72,Public,College Park,MD
73,Tohoku University,"Japan, 6",41,170,218,68,127,115,119.0,22,52.57,,,
74,University of Copenhagen,"Denmark, 1",117,149,64,38,31,59,31.0,432,52.51,,,
75,University of Texas Southwestern Medical Center,"USA, 46",59,567,35,131,30,78,40.0,173,52.5,,,
76,Ruprecht Karl University of Heidelberg,"Germany, 1",38,402,51,69,61,46,46.0,243,52.32,,,
77,University of Notre Dame,"USA, 47",221,24,155,242,242,182,235.0,352,52.27,Private (non-profit),Notre Dame,IN
78,Tsinghua University,"China, 2",309,73,218,63,158,65,156.0,30,52.21,,,
79,Ludwig Maximilian University of Munich,"Germany, 2",42,129,92,66,55,53,51.0,167,52.16,,,
80,Georgia Institute of Technology,"USA, 48",135,60,218,107,152,78,106.0,36,52.08,Public,Atlanta,GA
81,University of Rochester,"USA, 49",72,53,113,114,118,68,79.0,64,52.03,Private (non-profit),Rochester,NY
82,Katholieke Universiteit Leuven,"Belgium, 1",367,202,218,35,92,53,46.0,74,52.03,,,
83,Brown University,"United States, 50",64,43,73,121,67,76,99.0,200,52.01,Private (non-profit),Providence,RI
84,Emory University,"United States, 51",367,146,116,67,60,93,41.0,55,51.85,Private (non-profit),Atlanta,GA
85,Erasmus University Rotterdam,"Netherlands, 1",367,46,189,87,147,53,44.0,227,51.78,,,
86,Tel Aviv University,"Israel, 3",77,107,50,98,117,136,154.0,39,51.75,,,
87,Utrecht University,"Netherlands, 2",84,199,115,39,44,59,46.0,429,51.74,,,
88,University of Sydney,"Australia, 1",105,198,166,45,103,46,84.0,75,51.61,,,
89,"University of California
Irvine","USA, 52",227,567,44,78,51,68,54.0,162,51.51,Public,Irvine,CA
90,University of Texas MD Anderson Cancer Center,"United States, 53",367,567,80,93,72,42,29.0,71,51.51,,,
91,Swiss Federal Institute of Technology in Lausanne,"Switzerland, 2",367,74,116,124,114,39,110.0,58,51.47,,,
92,University of Geneva,"Switzerland, 3",35,191,42,122,77,115,79.0,321,51.46,,,
93,University of Melbourne,"Australia, 2",141,113,218,42,68,53,71.0,223,51.34,,,
94,King's College London,"United Kingdom, 7",27,190,114,76,116,101,74.0,188,51.31,,,
95,Tufts University,"USA, 54",60,48,182,166,160,93,85.0,84,51.22,Private (non-profit),Medford,MA
96,University of Zurich,"Switzerland, 4",115,389,85,56,46,68,56.0,137,51.14,,,
97,Arizona State University,"USA, 55",367,455,66,143,85,76,140.0,21,51.13,,,
98,Yonsei University,"South Korea, 2",367,45,218,140,326,321,235.0,23,51.02,,,
99,University of Oslo,"Norway, 1",53,286,40,106,134,101,102.0,302,50.81,,,
100,Kyushu University,"Japan, 7",367,49,218,152,182,264,200.0,37,50.6,,,
101,Technical University of Munich,"Germany, 3",37,118,177,104,90,128,95.0,119,50.58,,,
102,"Texas A&M University
College Station","USA, 56",339,108,46,77,98,88,143.0,201,50.43,,,
103,University of Queensland,"Australia, 3",269,292,142,65,78,101,99.0,68,50.4,,,
104,Mines ParisTech,"France, 5",278,23,169,977,834,812,906.0,871,50.34,,,
105,Case Western Reserve University,"United States, 57",50,215,195,137,106,59,74.0,111,50.28,Private (non-profit),Cleveland,OH
106,Indiana University - Bloomington,"United States, 58",134,35,178,180,143,161,190.0,178,50.26,,,
107,University of Alberta,"Canada, 4",169,151,153,62,109,82,103.0,116,50.25,,,
108,Leiden University,"Netherlands, 3",120,567,102,82,94,53,56.0,260,50.17,,,
109,Tokyo Institute of Technology,"Japan, 8",170,50,128,169,169,136,190.0,52,50.13,,,
110,University of Groningen,"Netherlands, 4",313,193,196,64,96,68,67.0,316,50.1,,,
111,University of Helsinki,"Finland, 1",56,551,111,80,79,88,65.0,420,50.04,,,
112,Sapienza University of Rome,"Italy, 1",67,205,45,83,166,212,130.0,312,49.97,,,
113,Georgetown University,"United States, 59",159,34,218,298,321,321,204.0,122,49.92,Private (non-profit),Washington,DC
114,University of Amsterdam,"Netherlands, 5",109,317,212,70,88,93,60.0,282,49.83,,,
115,Korea University,"South Korea, 3",367,58,218,172,411,321,273.0,26,49.79,,,
116,University of Barcelona,"Spain, 1",367,226,218,61,108,93,83.0,215,49.79,,,
117,Lund University,"Sweden, 2",136,466,169,85,135,53,60.0,871,49.75,,,
118,Michigan State University,"USA, 60",112,162,218,88,123,65,111.0,136,49.74,Public,East Lansing,MI
119,Ghent University,"Belgium, 2",123,329,147,84,149,68,119.0,90,49.73,,,
120,Rice University,"United States, 61",52,161,95,255,150,59,130.0,76,49.73,Private (non-profit),Houston,TX
121,Baylor College of Medicine,"United States, 62",367,567,218,113,41,101,44.0,199,49.7,,,
122,Aarhus University,"Denmark, 2",310,165,106,91,81,101,95.0,154,49.65,,,
123,University of Bristol,"United Kingdom, 8",194,196,74,92,69,82,106.0,335,49.59,,,
124,Uppsala University,"Sweden, 3",73,321,70,95,75,93,103.0,871,49.57,,,
125,Nagoya University,"Japan, 9",39,322,53,138,140,146,195.0,78,49.57,,,
126,Royal Institute of Technology,"Sweden, 4",199,30,105,221,300,321,318.0,797,49.54,,,
127,University of Colorado Denver,"USA, 63",367,567,140,135,110,128,66.0,72,49.48,Public,Denver,CO
128,University of Glasgow,"United Kingdom, 9",234,89,218,123,144,82,87.0,402,49.45,,,
129,VU University Amsterdam,"Netherlands, 6",367,385,218,79,120,68,79.0,871,49.44,,,
130,University of New South Wales,"Australia, 4",177,70,218,90,177,101,164.0,157,49.33,,,
131,Paris Diderot University - Paris 7,"France, 6",127,567,68,105,56,115,97.0,483,49.33,,,
132,University of São Paulo,"Brazil, 1",297,71,218,59,186,136,164.0,710,49.31,,,
133,Western University (The University of Western Ontario),"Canada, 5",367,41,218,149,208,234,190.0,261,49.31,,,
134,Radboud University Nijmegen,"Netherlands, 7",128,274,218,89,119,93,74.0,410,49.3,,,
135,Nanyang Technological University,"Singapore, 2",367,567,218,102,361,212,204.0,32,49.29,,,
136,Technion – Israel Institute of Technology,"Israel, 4",45,180,55,186,221,161,209.0,88,49.12,,,
137,University of Miami,"United States, 64",367,241,218,159,130,82,112.0,73,49.09,Private (non-profit),Coral Gables,FL
138,Stony Brook University,"United States, 65",186,567,58,173,84,93,134.0,96,49.09,Public,Stony Brook,NY
139,University of Texas at Dallas,"United States, 66",367,159,218,250,151,59,49.0,313,49.05,Public,Richardson,TX
140,University of Nottingham,"UK, 10",131,109,84,116,176,146,140.0,138,49.02,,,
141,University of Iowa,"United States, 67",233,296,167,103,83,115,112.0,121,49.01,Public,Iowa City,IA
142,Southern Methodist University,"United States, 68",179,28,218,624,655,368,646.0,824,48.99,,,
143,Icahn School of Medicine at Mount Sinai,"USA, 69",367,567,218,160,71,161,63.0,101,48.96,,,
144,Korea Advanced Institute of Science and Technology (KAIST),"South Korea, 4",367,194,218,183,283,368,289.0,8,48.95,,,
145,Monash University,"Australia, 5",277,145,218,86,136,182,161.0,99,48.91,,,
146,University of Alabama at Birmingham,"United States, 70",367,567,218,141,124,128,71.0,130,48.79,Public,Birmingham,AL
147,Free University of Berlin,"Germany, 4",76,548,128,109,80,234,90.0,461,48.78,,,
148,University of Southampton,"UK, 11",329,95,218,115,133,101,130.0,334,48.77,,,
149,University of the Witwatersrand,"South Africa, 1",61,32,172,442,237,321,447.0,291,48.75,,,
150,McMaster University,"Canada, 6",222,268,163,127,156,101,87.0,222,48.74,,,
151,University of Montreal,"Canada, 7",320,376,218,101,111,101,90.0,540,48.72,,,
152,University of Birmingham,"United Kingdom, 12",65,158,205,117,165,146,138.0,170,48.7,,,
153,Humboldt University of Berlin,"Germany, 5",291,567,108,108,82,161,85.0,471,48.64,,,
154,"University of California
Santa Cruz","USA, 71",175,567,100,243,49,115,99.0,183,48.59,Public,Santa Cruz,CA
155,Albert Ludwig University of Freiburg,"Germany, 6",148,134,193,156,104,182,134.0,98,48.57,,,
156,University of Tübingen,"Germany, 7",69,490,103,142,122,146,115.0,226,48.56,,,
157,University of Cincinnati,"USA, 72",188,86,218,150,171,128,127.0,263,48.56,Public,Cincinnati,OH
158,University of Bonn,"Germany, 8",58,249,65,153,107,146,150.0,341,48.54,,,
159,Wake Forest University,"United States, 73",265,83,218,249,244,128,125.0,124,48.52,,,
160,University of Basel,"Switzerland, 5",83,363,60,167,100,136,130.0,486,48.48,,,
161,University of Leeds,"United Kingdom, 13",62,157,218,133,141,136,150.0,265,48.41,,,
162,University of Hamburg,"Germany, 9",314,136,135,147,126,101,127.0,677,48.31,,,
163,Université libre de Bruxelles,"Belgium, 3",173,110,69,236,214,101,170.0,148,48.28,,,
164,Indiana University-Purdue University Indianapolis,"USA, 74",367,492,218,187,190,125,122.0,79,48.28,,,
165,Pohang University of Science and Technology,"South Korea, 5",367,567,218,285,355,212,281.0,24,48.24,,,
166,Oregon Health & Science University,"USA, 75",367,567,128,184,115,125,105.0,144,48.23,,,
167,University of Calgary,"Canada, 8",367,123,218,145,180,101,127.0,778,48.23,,,
168,Stockholm University,"Sweden, 5",129,79,187,202,89,88,179.0,839,48.23,,,
169,University of Padua,"Italy, 2",281,567,218,99,105,182,119.0,351,48.17,,,
170,University of Hong Kong,"Hong Kong, 1",287,128,218,139,204,128,147.0,205,48.15,,,
171,Yeshiva University,"USA, 76",200,567,218,195,91,161,109.0,128,48.11,,,
172,University of Milan,"Italy, 3",162,441,182,118,189,212,106.0,438,48.07,,,
173,University of Sheffield,"UK, 14",142,209,196,129,137,136,147.0,179,48.07,,,
174,Technical University of Denmark,"Denmark, 3",351,510,202,220,230,161,216.0,46,48.06,,,
175,"University of Maryland
Baltimore","USA, 77",367,567,218,125,112,197,116.0,180,48.05,,,
176,Goethe University Frankfurt,"Germany, 10",111,219,89,179,155,212,124.0,328,48.01,,,
177,University of Göttingen,"Germany, 11",43,171,176,174,146,264,184.0,299,47.98,,,
178,Hokkaido University,"Japan, 10",279,277,135,148,173,287,251.0,53,47.97,,,
179,Australian National University,"Australia, 6",196,379,52,130,99,197,188.0,415,47.97,,,
180,Shanghai Jiao Tong University,"China, 3",335,143,218,81,267,212,209.0,198,47.96,,,
181,University of New Mexico,"United States, 78",367,567,218,223,170,82,147.0,100,47.95,Public,Albuquerque,NM
182,University of Strasbourg,"France, 7",71,567,49,191,145,264,219.0,269,47.89,,,
183,University of Massachusetts Medical School,"USA, 79",367,567,80,296,76,234,122.0,143,47.85,,,
184,University of Houston,"United States, 80",367,42,218,310,257,511,349.0,156,47.83,Public,Houston,TX
185,"Trinity College
Dublin","Ireland, 1",338,78,200,289,233,115,204.0,153,47.73,,,
186,University of Lausanne,"Switzerland, 6",102,423,218,235,101,115,117.0,683,47.73,,,
187,Iowa State University,"United States, 81",286,186,109,151,178,82,184.0,339,47.71,Public,Ames,IA
188,Joseph Fourier University,"France, 8",195,567,218,110,93,234,170.0,160,47.71,,,
189,Wayne State University,"United States, 82",367,183,218,189,258,125,176.0,117,47.67,Public,Detroit,MI
190,University of South Florida - Tampa,"USA, 83",367,418,218,233,251,197,164.0,70,47.66,,,
191,Zhejiang University,"China, 4",367,309,218,71,290,368,265.0,106,47.66,,,
192,Hanyang University,"South Korea, 6",367,168,218,286,471,368,396.0,31,47.6,,,
193,University of Ottawa,"Canada, 9",223,163,218,171,194,212,134.0,496,47.6,,,
194,University of Missouri–Columbia,"USA, 84",250,88,98,222,226,161,242.0,150,47.59,,,
195,Fudan University,"China, 5",367,203,218,112,252,368,204.0,123,47.56,,,
196,University of Kansas,"USA, 85",228,91,218,212,161,161,235.0,127,47.52,Public,Lawrence,KS
197,University of Cologne,"Germany, 12",367,132,201,204,138,146,161.0,421,47.52,,,
198,University of Georgia,"USA, 86",93,188,172,181,132,234,256.0,82,47.5,Public,Athens,GA
199,University of Liverpool,"United Kingdom, 15",176,179,207,154,172,128,174.0,377,47.49,,,
200,University of Bern,"Switzerland, 7",184,526,213,163,128,93,159.0,433,47.49,,,
201,Cardiff University,"United Kingdom, 16",321,218,143,178,153,146,170.0,193,47.46,,,
202,George Washington University,"USA, 87",192,56,218,301,227,264,235.0,326,47.46,Private (non-profit),Washington,DC
203,University of Illinois at Chicago,"USA, 88",367,541,218,126,196,287,179.0,129,47.39,,,
204,University of Erlangen-Nuremberg,"Germany, 13",231,554,218,176,202,146,134.0,361,47.36,,,
205,University of Münster,"Germany, 14",113,421,174,170,192,136,174.0,192,47.34,,,
206,Aix-Marseille University,"France, 9",218,451,218,119,87,182,197.0,230,47.31,,,
207,Claude Bernard University Lyon 1,"France, 10",367,567,218,132,121,234,184.0,151,47.31,,,
208,University of Bologna,"Italy, 4",350,348,218,136,281,212,161.0,354,47.28,,,
209,Queen Mary University of London,"United Kingdom, 17",147,319,218,226,175,212,138.0,255,47.25,,,
210,Dresden University of Technology,"Germany, 15",367,567,218,188,212,146,195.0,102,47.25,,,
211,Sungkyunkwan University,"South Korea, 7",367,225,218,194,317,161,270.0,69,47.19,,,
212,Newcastle University,"United Kingdom, 18",367,222,218,192,159,234,159.0,365,47.17,,,
213,Karlsruhe Institute of Technology,"Germany, 16",356,208,131,193,280,146,247.0,103,47.15,,,
214,"University of California
Riverside","USA, 89",247,567,218,209,113,161,169.0,194,47.13,Public,Riverside,CA
215,University of Kiel,"Germany, 17",193,487,198,232,183,161,143.0,310,47.11,,,
216,University of Western Australia,"Australia, 7",156,306,145,146,181,368,179.0,399,47.1,,,
217,Paris Descartes University,"France, 11",203,567,218,177,142,287,156.0,455,47.06,,,
218,University of Connecticut,"USA, 90",296,259,218,168,193,197,190.0,186,47.06,Public,Storrs,CT
219,University of Massachusetts Amherst,"USA, 91",212,141,159,198,191,212,200.0,356,47.05,Public,Amherst,MA
220,Chinese University of Hong Kong,"Hong Kong, 2",100,479,116,162,356,212,209.0,168,47.05,,,
221,University of Turin,"Italy, 5",315,450,163,206,278,197,150.0,613,47.04,,,
222,University of Manitoba,"Canada, 10",157,93,155,261,308,212,256.0,175,47.04,,,
223,University of Vienna,"Austria, 1",191,185,101,231,154,161,200.0,671,47.03,,,
224,University of Montpellier,"France, 12",289,462,169,165,129,146,184.0,511,47.0,,,
225,Maastricht University,"Netherlands, 8",367,567,218,185,354,234,156.0,281,47.0,,,
226,National Cheng Kung University,"Taiwan, 2",367,52,218,164,485,812,388.0,436,46.97,,,
227,"University of Tennessee
Knoxville","USA, 92",319,117,218,196,187,197,219.0,449,46.96,,,
228,Complutense University of Madrid,"Spain, 2",86,68,214,215,309,368,335.0,256,46.96,,,
229,Laval University,"Canada, 11",292,273,218,207,270,182,200.0,140,46.95,,,
230,RWTH Aachen University,"Germany, 18",357,238,131,197,359,182,219.0,158,46.9,,,
231,Université catholique de Louvain,"Belgium, 4",367,264,97,283,325,115,213.0,236,46.89,,,
232,North Carolina State University,"United States, 93",251,228,218,157,206,182,242.0,161,46.89,Public,Raleigh,NC
233,Johannes Gutenberg University of Mainz,"Germany, 19",367,567,194,210,185,161,164.0,523,46.88,,,
234,University of Texas Health Science Center at San Antonio,"USA, 94",367,567,218,314,229,197,140.0,315,46.88,,,
235,Julius-Maximilian's University of Würzburg,"Germany, 20",106,391,168,216,179,287,179.0,369,46.85,,,
236,Paul Sabatier University - Toulouse III,"France, 13",367,567,218,158,102,321,188.0,514,46.81,,,
237,University of Gothenburg,"Sweden, 6",257,294,116,217,197,136,197.0,871,46.79,,,
238,University College Dublin,"Ireland, 2",241,112,218,288,285,128,247.0,278,46.79,,,
239,University of Science and Technology of China,"China, 6",367,192,218,128,269,368,247.0,452,46.73,,,
240,University of Leicester,"United Kingdom, 19",367,567,218,258,139,197,170.0,385,46.72,,,
241,Autonomous University of Barcelona,"Spain, 3",367,567,218,144,220,264,213.0,277,46.72,,,
242,University of Dundee,"UK, 20",178,567,218,354,200,161,176.0,216,46.68,,,
243,Norwegian University of Science and Technology,"Norway, 2",252,119,75,279,366,212,273.0,327,46.67,,,
244,Nanjing University,"China, 7",342,362,218,134,358,234,265.0,164,46.61,,,
245,Okayama University,"Japan, 11",367,288,218,353,335,287,318.0,60,46.59,,,
246,London School of Hygiene & Tropical Medicine,"United Kingdom, 21",367,567,159,300,294,264,164.0,736,46.59,,,
247,University of Florence,"Italy, 6",327,326,94,218,275,197,227.0,564,46.58,,,
248,University of Cape Town,"South Africa, 2",104,126,146,319,236,234,265.0,268,46.58,,,
249,University of Texas Health Science Center at Houston,"USA, 95",367,567,155,257,162,212,190.0,337,46.56,,,
250,Moscow Institute of Physics and Technology,"Russia, 2",23,339,218,949,605,812,1000.0,839,46.55,,,
251,University of Düsseldorf,"Germany, 21",185,567,218,297,209,182,178.0,454,46.54,,,
252,Florida State University,"USA, 96",367,334,218,200,184,136,225.0,411,46.53,Public,Tallahassee,FL
253,University of Sussex,"United Kingdom, 22",151,257,57,359,250,161,308.0,553,46.49,,,
254,Thomas Jefferson University,"United States, 97",158,567,218,333,334,161,179.0,502,46.47,,,
255,Delft University of Technology,"Netherlands, 9",307,300,218,224,224,264,247.0,146,46.46,,,
256,Virginia Polytechnic Institute and State University,"USA, 98",283,152,218,201,264,234,285.0,181,46.46,,,
257,University of Lisbon,"Portugal, 1",337,465,152,155,296,197,251.0,495,46.43,,,
258,Drexel University,"USA, 99",367,233,218,362,338,287,273.0,91,46.43,Private (non-profit),Philadelphia,PA
259,Virginia Commonwealth University,"USA, 100",367,403,150,264,253,321,213.0,206,46.43,Public,Richmond,VA
260,Oregon State University,"USA, 101",189,239,218,263,148,161,235.0,389,46.42,Public,Corvallis,OR
261,Durham University,"United Kingdom, 23",132,267,116,248,199,197,242.0,460,46.42,,,
262,University of Tsukuba,"Japan, 12",202,567,107,230,255,212,242.0,213,46.41,,,
263,University of Reading,"United Kingdom, 24",258,63,218,400,347,182,361.0,666,46.4,,,
264,Lehigh University,"USA, 102",367,47,218,615,542,511,511.0,534,46.4,,,
265,Medical University of Vienna,"Austria, 2",367,567,218,251,228,212,197.0,366,46.39,,,
266,University of Auckland,"New Zealand, 1",235,419,218,253,260,234,256.0,125,46.38,,,
267,University of Kentucky,"USA, 103",332,290,218,182,216,321,231.0,447,46.37,Public,Lexington,KY
268,University of Naples Federico II,"Italy, 7",331,459,218,175,324,234,227.0,792,46.36,,,
269,University of Waterloo,"Canada, 12",367,124,218,190,333,234,292.0,626,46.34,,,
270,Charles University in Prague,"Czechia, 1",238,560,116,228,238,182,227.0,636,46.32,,,
271,Colorado State University - Fort Collins,"USA, 104",211,493,148,244,203,234,231.0,257,46.32,,,
272,Tulane University,"United States, 105",324,144,218,365,299,264,251.0,258,46.31,Private (non-profit),New Orleans,LA
273,"University at Buffalo
The State University of New York","USA, 106",367,398,218,203,298,287,235.0,237,46.3,,,
274,Brandeis University,"USA, 107",51,342,78,549,195,428,330.0,249,46.29,Private (non-profit),Waltham,MA
275,Northeastern University,"USA, 108",316,125,218,370,312,264,362.0,86,46.29,Private (non-profit),Boston,MA
276,Wageningen University and Research Centre,"Netherlands, 10",293,512,175,214,168,234,235.0,477,46.26,,,
277,Sun Yat-sen University,"China, 8",367,254,218,161,393,287,285.0,221,46.25,,,
278,University of Ulm,"Germany, 22",367,471,131,290,231,321,209.0,594,46.24,,,
279,London School of Economics,"UK, 25",78,65,91,503,739,264,590.0,871,46.22,,,
280,Vrije Universiteit Brussel,"Belgium, 5",110,567,218,294,301,161,231.0,506,46.21,,,
281,University of Delaware,"USA, 109",318,337,135,272,304,234,292.0,120,46.21,Public,Newark,DE
282,Rensselaer Polytechnic Institute,"USA, 110",137,142,218,402,346,182,292.0,210,46.19,Private (non-profit),Troy,NY
283,University of Bergen,"Norway, 3",367,567,218,229,201,212,227.0,871,46.18,,,
284,Queen's University,"Canada, 13",322,155,218,254,274,264,281.0,275,46.18,,,
285,University of Aberdeen,"United Kingdom, 26",360,314,199,273,207,287,225.0,422,46.17,,,
286,Dalhousie University,"Canada, 14",367,137,218,280,247,264,273.0,384,46.17,,,
287,Umeå University,"Sweden, 7",367,567,218,275,198,212,219.0,871,46.14,,,
288,University of Duisburg-Essen,"Germany, 23",367,498,218,287,282,321,216.0,348,46.13,,,
289,City College of New York,"USA, 111",31,187,218,680,422,511,590.0,358,46.12,,,
290,Hiroshima University,"Japan, 13",367,567,218,304,287,428,273.0,112,46.12,,,
291,University of Texas at San Antonio,"United States, 112",367,567,218,445,376,197,216.0,254,46.1,Public,San Antonio,TX
292,Hannover Medical School,"Germany, 24",367,567,218,322,245,287,219.0,308,46.07,,,
293,University of Warwick,"UK, 27",210,444,116,205,239,161,308.0,234,46.05,,,
294,University of Valencia,"Spain, 4",367,470,218,208,348,264,256.0,548,46.03,,,
295,University of Pisa,"Italy, 8",273,473,218,227,360,212,255.0,528,46.03,,,
296,Ruhr University Bochum,"Germany, 25",367,235,218,236,235,368,265.0,797,46.0,,,
297,Medical College of Wisconsin,"USA, 113",367,567,218,337,284,321,219.0,659,45.97,,,
298,University of Louisville,"United States, 114",367,484,218,338,405,368,300.0,105,45.97,Public,Louisville,KY
299,University of Bordeaux,"France, 14",354,567,218,291,265,234,251.0,297,45.96,,,
300,University of South Carolina - Columbia,"United States, 115",367,299,185,262,367,146,273.0,649,45.95,,,
301,National and Kapodistrian University of Athens,"Greece, 1",367,200,218,245,416,428,273.0,871,45.94,,,
302,Leipzig University,"Germany, 26",326,567,208,281,266,511,242.0,364,45.94,,,
303,Medical University of South Carolina,"USA, 116",367,567,218,316,364,287,231.0,508,45.94,,,
304,Autonomous University of Madrid,"Spain, 5",367,460,218,225,256,321,262.0,443,45.92,,,
305,Dalian University of Technology,"China, 9",367,104,218,313,667,511,409.0,131,45.92,,,
306,Stellenbosch University,"South Africa, 3",367,66,218,520,503,321,486.0,219,45.92,,,
307,Kyungpook National University,"South Korea, 8",367,412,218,355,625,321,413.0,66,45.92,,,
308,University of Porto,"Portugal, 2",94,316,90,266,380,264,341.0,405,45.91,,,
309,University of St Andrews,"United Kingdom, 28",145,506,218,308,188,321,281.0,189,45.89,,,
310,Gwangju Institute of Science and Technology,"South Korea, 9",367,567,218,540,538,368,529.0,54,45.88,,,
311,Chulalongkorn University,"Thailand, 1",367,57,218,584,734,511,558.0,871,45.86,,,
312,University of Antwerp,"Belgium, 6",367,567,218,265,307,234,265.0,372,45.84,,,
313,Xiamen University,"China, 10",367,80,218,331,493,645,409.0,467,45.83,,,
314,University of Nebraska–Lincoln,"USA, 117",165,207,218,278,262,234,311.0,456,45.8,Public,Lincoln,NE
315,Nankai University,"China, 11",334,135,218,282,454,321,334.0,419,45.8,,,
316,University of Stuttgart,"Germany, 27",82,172,218,399,369,511,335.0,376,45.79,,,
317,University of Rome Tor Vergata,"Italy, 9",367,557,218,267,272,287,262.0,816,45.79,,,
318,University of Regensburg,"Germany, 28",367,303,218,302,241,287,270.0,522,45.79,,,
319,Hong Kong University of Science and Technology,"Hong Kong, 3",367,359,218,256,466,368,300.0,185,45.77,,,
320,Kobe University,"Japan, 14",95,240,116,368,271,321,335.0,301,45.74,,,
321,University of Liège,"Belgium, 7",143,567,144,317,218,234,300.0,285,45.73,,,
322,Federal University of Rio de Janeiro,"Brazil, 2",125,116,218,305,330,645,381.0,295,45.72,,,
323,Rush University,"USA, 118",367,567,218,427,404,197,260.0,871,45.71,,,
324,University of Vermont,"USA, 119",198,256,218,357,288,368,285.0,397,45.7,,,
325,University of York,"United Kingdom, 29",367,567,218,270,205,161,300.0,406,45.69,,,
326,Boston College,"United States, 120",367,97,218,557,363,197,402.0,386,45.65,Private (non-profit),Chestnut Hill,MA
327,University of Pavia,"Italy, 10",295,380,214,330,381,264,273.0,680,45.64,,,
328,University of Jena,"Germany, 29",367,567,218,260,263,321,289.0,457,45.64,,,
329,Vita-Salute San Raffaele University,"Italy, 11",367,567,218,478,279,321,260.0,871,45.61,,,
330,University of Genoa,"Italy, 12",367,567,218,299,402,234,285.0,537,45.61,,,
331,Tianjin University,"China, 12",367,77,218,348,934,428,606.0,245,45.61,,,
332,Louisiana State University - Baton Rouge,"USA, 121",270,177,218,292,215,197,353.0,458,45.61,,,
333,University of Exeter,"United Kingdom, 30",264,481,218,293,174,428,295.0,353,45.59,,,
334,National Autonomous University of Mexico,"Mexico, 1",282,546,218,199,219,368,330.0,486,45.58,,,
335,University of Adelaide,"Australia, 8",219,445,218,234,243,287,318.0,465,45.58,,,
336,University of East Anglia,"United Kingdom, 31",206,567,179,349,211,146,313.0,500,45.58,,,
337,York University,"Canada, 15",367,106,218,382,408,264,388.0,871,45.56,,,
338,University of Navarra,"Spain, 6",367,76,218,578,722,511,503.0,645,45.56,,,
339,University of Oregon,"United States, 122",346,567,218,378,217,161,295.0,729,45.55,Public,Eugene,OR
340,"St George's
University of London","United Kingdom, 32",367,567,218,554,476,368,262.0,648,45.55,,,
341,Indian Institute of Technology Delhi,"India, 1",367,59,218,635,943,812,781.0,625,45.54,,,
342,University of Trieste,"Italy, 13",367,443,218,395,286,287,281.0,616,45.54,,,
343,Queen's University Belfast,"UK, 33",183,387,218,306,276,264,313.0,377,45.53,,,
344,University of Perugia,"Italy, 14",367,567,116,375,332,428,289.0,642,45.53,,,
345,Technical University of Berlin,"Germany, 30",85,271,218,360,412,368,388.0,177,45.52,,,
346,University of Marburg,"Germany, 31",304,567,217,329,249,428,300.0,271,45.51,,,
347,University of Innsbruck,"Austria, 3",197,397,112,430,222,287,311.0,442,45.51,,,
348,Eindhoven University of Technology,"Netherlands, 11",367,347,186,306,549,321,318.0,279,45.51,,,
349,Ben-Gurion University of the Negev,"Israel, 5",367,567,218,277,379,428,381.0,118,45.49,,,
350,University of Oklahoma - Norman Campus,"USA, 123",367,150,218,383,240,234,362.0,474,45.49,,,
351,Wesleyan University,"USA, 124",154,61,218,983,506,812,850.0,871,45.48,,,
352,University of Victoria,"Canada, 16",367,567,218,321,328,234,300.0,853,45.48,,,
353,Kansas State University,"United States, 125",130,229,218,373,320,212,358.0,294,45.47,Public,Manhattan,KS
354,Hong Kong Polytechnic University,"Hong Kong, 4",367,166,218,259,764,511,375.0,329,45.47,,,
355,Linköping University,"Sweden, 8",367,237,218,323,401,368,324.0,871,45.47,,,
356,University of Southern Denmark,"Denmark, 4",367,567,218,386,327,321,295.0,320,45.46,,,
357,University of Otago,"New Zealand, 2",367,377,218,312,353,287,313.0,542,45.44,,,
358,Justus Liebig University Giessen,"Germany, 32",367,567,218,332,357,264,313.0,309,45.43,,,
359,University of New Hampshire,"USA, 126",367,318,79,531,273,234,362.0,596,45.42,Public,Durham,NH
360,College of William and Mary,"United States, 127",367,85,218,611,459,321,511.0,809,45.42,,,
361,San Diego State University,"United States, 128",248,204,218,467,302,264,339.0,509,45.41,,,
362,Simon Fraser University,"Canada, 17",367,567,218,284,303,368,324.0,381,45.4,,,
363,University of Santiago de Compostela,"Spain, 7",367,489,218,385,600,287,373.0,126,45.4,,,
364,Saint Louis University,"USA, 129",367,261,202,458,293,428,330.0,286,45.39,,,
365,Colorado School of Mines,"United States, 130",367,81,218,668,601,321,565.0,690,45.39,Public,Golden,CO
366,University of Eastern Finland,"Finland, 2",367,567,218,374,388,321,300.0,861,45.37,,,
367,University of Buenos Aires,"Argentina, 1",126,500,180,276,350,321,344.0,871,45.37,,,
368,University of Guelph,"Canada, 18",367,483,218,325,277,146,344.0,445,45.36,,,
369,University of Ferrara,"Italy, 15",367,567,218,416,392,287,300.0,656,45.36,,,
370,Polytechnic University of Catalonia,"Spain, 8",367,330,218,371,576,368,540.0,85,45.36,,,
371,Versailles Saint-Quentin-en-Yvelines University,"France, 15",367,567,218,443,232,264,308.0,839,45.36,,,
372,Saarland University,"Germany, 33",367,375,218,392,434,428,318.0,367,45.33,,,
373,City University of Hong Kong,"Hong Kong, 5",367,567,218,252,874,511,339.0,387,45.33,,,
374,Darmstadt University of Technology,"Germany, 34",66,344,218,376,457,368,413.0,330,45.32,,,
375,Pompeu Fabra University,"Spain, 9",367,567,218,397,164,428,318.0,604,45.31,,,
376,Pontifical Catholic University of Chile,"Chile, 1",343,139,218,446,310,645,388.0,396,45.31,,,
377,University of Bari Aldo Moro,"Italy, 16",367,567,218,352,322,511,313.0,527,45.31,,,
378,University of Texas Medical Branch at Galveston,"USA, 131",367,567,218,401,311,321,324.0,333,45.3,,,
379,University of Delhi,"India, 2",240,72,218,703,763,812,796.0,797,45.3,,,
380,"Washington State University
Pullman","USA, 132",367,301,131,334,234,428,362.0,298,45.29,,,
381,Temple University,"USA, 133",272,553,218,326,349,511,349.0,211,45.29,Public,Philadelphia,PA
382,University of Milan - Bicocca,"Italy, 17",367,567,218,390,305,287,324.0,468,45.28,,,
383,University of Turku,"Finland, 3",367,531,218,320,319,812,330.0,568,45.27,,,
384,Chonnam National University,"South Korea, 10",367,547,218,405,589,511,437.0,109,45.27,,,
385,University of Lorraine,"France, 16",216,213,190,311,342,321,437.0,208,45.25,,,
386,National Chiao Tung University,"Taiwan, 3",367,206,218,240,651,428,413.0,871,45.24,,,
387,Catholic University of the Sacred Heart,"Italy, 18",367,555,218,424,482,321,324.0,770,45.22,,,
388,"University at Albany
SUNY","USA, 134",180,567,165,411,374,212,353.0,531,45.22,Public,Albany,NY
389,Xi'an Jiaotong University,"China, 13",367,154,218,271,583,812,606.0,174,45.21,,,
390,Ewha Womans University,"South Korea, 11",367,567,218,462,509,645,457.0,107,45.2,,,
391,Jilin University,"China, 14",220,338,218,239,452,645,375.0,551,45.2,,,
392,Tokyo Medical and Dental University,"Japan, 15",367,567,218,473,352,645,335.0,272,45.2,,,
393,Scuola Normale Superiore di Pisa,"Italy, 19",263,567,61,548,526,321,503.0,871,45.2,,,
394,University of Central Florida,"USA, 135",367,501,218,381,386,511,381.0,159,45.18,Public,Orlando,FL
395,Innsbruck Medical University,"Austria, 4",367,567,218,469,413,812,324.0,678,45.18,,,
396,Beijing Normal University,"China, 15",57,567,218,363,492,428,480.0,755,45.17,,,
397,Polytechnic University of Milan,"Italy, 20",103,181,191,358,510,428,503.0,292,45.17,,,
398,University of Seville,"Spain, 10",367,564,218,339,516,428,529.0,104,45.17,,,
399,University of Nebraska Medical Center,"United States, 136",367,567,218,463,399,368,344.0,253,45.16,,,
400,Huazhong University of Science and Technology,"China, 16",367,282,218,219,626,645,480.0,242,45.16,,,
401,Kyung Hee University,"South Korea, 12",245,495,218,380,584,645,558.0,95,45.16,,,
402,Chalmers University of Technology,"Sweden, 9",361,311,218,367,426,428,349.0,871,45.16,,,
403,Brigham Young University,"United States, 137",298,361,218,498,424,287,424.0,134,45.15,,,
404,University of Campinas,"Brazil, 3",367,567,218,295,575,511,388.0,197,45.14,,,
405,University of Bath,"UK, 34",367,368,218,388,378,287,353.0,478,45.14,,,
406,Saint Petersburg State University,"Russia, 3",47,250,218,621,574,645,754.0,816,45.14,,,
407,National Tsing Hua University,"Taiwan, 4",262,520,218,238,425,428,375.0,731,45.14,,,
408,University of Twente,"Netherlands, 12",367,511,218,343,511,368,358.0,288,45.14,,,
409,University of Alabama - Tuscaloosa,"USA, 138",325,140,218,511,490,368,471.0,314,45.14,,,
410,Harbin Institute of Technology,"China, 17",367,244,218,241,847,645,437.0,375,45.14,,,
411,University of Verona,"Italy, 21",367,567,218,508,464,212,341.0,736,45.13,,,
412,Oklahoma State University–Stillwater,"USA, 139",239,153,218,447,648,428,471.0,303,45.13,Public,Stillwater,OK
413,Shandong University,"China, 18",367,437,218,213,604,511,409.0,538,45.13,,,
414,George Mason University,"USA, 140",367,567,98,450,371,264,388.0,526,45.13,Public,Fairfax,VA
415,Wuhan University,"China, 19",367,258,218,274,612,645,396.0,576,45.13,,,
416,Swedish University of Agricultural Sciences,"Sweden, 10",146,567,218,393,268,428,353.0,871,45.12,,,
417,Concordia University,"Canada, 19",367,99,218,545,745,645,590.0,718,45.12,,,
418,Chiba University,"Japan, 16",367,567,218,361,343,368,362.0,267,45.11,,,
419,Kumamoto University,"Japan, 17",308,353,218,495,441,428,409.0,152,45.11,,,
420,Tongji University,"China, 20",153,115,218,346,480,645,671.0,373,45.1,,,
421,Aalto University,"Finland, 4",367,224,218,336,403,645,424.0,246,45.1,,,
422,Chonbuk National University,"South Korea, 13",367,567,218,507,774,812,646.0,83,45.09,,,
423,Peking Union Medical College,"China, 21",367,567,218,324,297,368,358.0,797,45.09,,,
424,Georgia Regents University,"USA, 141",367,567,218,482,418,368,341.0,481,45.09,,,
425,University of Chile,"Chile, 2",242,173,218,418,351,645,424.0,489,45.08,,,
426,Lancaster University,"United Kingdom, 35",367,360,218,364,398,234,369.0,673,45.08,,,
427,Vienna University of Technology,"Austria, 5",363,350,218,377,377,321,424.0,171,45.08,,,
428,University of Denver,"USA, 142",312,101,218,901,522,511,590.0,760,45.08,Private (non-profit),Denver,CO
429,University of Arkansas for Medical Sciences,"USA, 143",367,567,218,501,565,812,344.0,340,45.08,,,
430,Grenoble Institute of Technology,"France, 17",144,567,188,328,520,428,388.0,345,45.06,,,
431,University of Granada,"Spain, 11",367,567,218,303,449,321,424.0,190,45.06,,,
432,University of Modena and Reggio Emilia,"Italy, 22",367,567,218,435,474,368,349.0,709,45.04,,,
433,Ajou University,"South Korea, 14",367,426,218,646,729,645,671.0,89,45.04,,,
434,Gyeongsang National University,"South Korea, 15",367,567,218,633,673,645,606.0,93,45.04,,,
435,Technical University of Madrid,"Spain, 12",215,212,218,470,697,645,770.0,110,45.03,,,
436,University College Cork,"Ireland, 3",367,430,218,426,431,368,402.0,195,45.03,,,
437,Loyola University Chicago,"USA, 144",367,366,218,522,438,511,353.0,713,45.03,,,
438,Central South University,"China, 22",367,131,218,366,783,511,558.0,444,45.02,,,
439,South China University of Technology,"China, 23",367,266,218,347,620,511,471.0,196,45.02,,,
440,Polytechnic University of Valencia,"Spain, 13",367,567,218,386,505,645,437.0,155,45.02,,,
441,West Virginia University,"United States, 145",328,178,218,441,409,428,437.0,617,45.02,Public,Morgantown,WV
442,University of Tampere,"Finland, 5",367,297,218,526,439,511,362.0,679,45.02,,,
443,Southeast University,"China, 24",168,488,218,369,702,645,480.0,149,45.01,,,
444,Miami University,"United States, 146",367,102,218,715,543,511,659.0,871,45.0,,,
445,University of Dayton,"USA, 147",348,90,218,988,818,511,781.0,675,44.99,,,
446,University of Siena,"Italy, 23",367,482,218,420,365,287,369.0,712,44.98,,,
447,University of Oulu,"Finland, 6",275,369,218,432,344,368,375.0,521,44.96,,,
448,Indian Institute of Science,"India, 3",367,332,218,315,537,511,447.0,239,44.96,,,
449,Macquarie University,"Australia, 9",367,304,218,391,292,321,402.0,530,44.96,,,
450,University of Rostock,"Germany, 35",364,567,218,443,591,511,373.0,325,44.96,,,
451,Jagiellonian University,"Poland, 1",367,567,218,403,465,645,375.0,355,44.94,,,
452,Pusan National University,"South Korea, 16",367,401,218,398,488,428,503.0,147,44.94,,,
453,University of Strathclyde,"UK, 36",367,216,218,389,467,368,486.0,305,44.94,,,
454,"University of Nevada
Reno","USA, 148",367,364,218,542,382,264,381.0,708,44.93,Public,Reno,NV
455,University of Saskatchewan,"Canada, 20",336,278,218,335,442,287,457.0,427,44.92,,,
456,University of Parma,"Italy, 24",367,356,218,438,463,368,381.0,741,44.92,,,
457,Kanazawa University,"Japan, 18",367,416,218,474,419,511,381.0,350,44.92,,,
458,Eötvös Loránd University,"Hungary, 1",89,567,116,559,444,287,495.0,724,44.92,,,
459,Aristotle University of Thessaloniki,"Greece, 2",367,567,218,340,683,511,381.0,756,44.92,,,
460,Ohio University,"USA, 149",205,174,218,590,472,812,565.0,224,44.91,Public,Athens,OH
461,University of Iceland,"Iceland, 1",367,567,218,612,295,321,369.0,839,44.91,,,
462,University of Warsaw,"Poland, 2",118,562,150,409,462,428,437.0,716,44.91,,,
463,Syracuse University,"USA, 150",138,221,218,453,494,428,495.0,392,44.91,Private (non-profit),Syracuse,NY
464,Bielefeld University,"Germany, 36",367,567,218,480,375,511,369.0,774,44.91,,,
465,Juntendo University,"Japan, 19",367,567,218,653,498,428,362.0,853,44.9,,,
466,University of Wyoming,"USA, 151",367,230,218,534,316,321,457.0,380,44.89,,,
467,University of Wollongong,"Australia, 10",367,269,218,431,433,428,424.0,493,44.88,,,
468,Niigata University,"Japan, 20",367,285,218,527,514,511,447.0,238,44.88,,,
469,Texas Tech University (TTU),"United States, 152",367,184,218,455,618,287,511.0,809,44.87,,,
470,Middle East Technical University,"Turkey, 1",367,120,218,550,879,511,659.0,871,44.87,,,
471,École normale supérieure de Lyon,"France, 18",367,567,135,481,210,511,413.0,589,44.87,,,
472,Brunel University,"United Kingdom, 37",367,236,218,497,676,511,437.0,667,44.86,,,
473,Nihon University,"Japan, 21",301,565,218,599,588,812,637.0,113,44.86,,,
474,Osaka City University,"Japan, 22",108,414,218,484,536,321,471.0,374,44.86,,,
475,University of Rennes 1,"France, 19",367,567,218,351,341,428,420.0,344,44.86,,,
476,University of Oklahoma Health Sciences Center,"USA, 153",367,567,218,580,461,511,375.0,482,44.86,,,
477,East China University of Science and Technology,"China, 25",367,567,218,423,828,645,471.0,184,44.86,,,
478,University of KwaZulu-Natal,"South Africa, 4",367,148,218,562,397,368,579.0,539,44.85,,,
479,Sichuan University,"China, 26",367,563,218,269,478,645,447.0,597,44.85,,,
480,Illinois Institute of Technology,"United States, 154",274,114,218,784,713,511,715.0,861,44.85,,,
481,Tokyo University of Science,"Japan, 23",367,567,218,530,530,428,457.0,191,44.84,,,
482,"University of Science
Malaysia","Malaysia, 1",367,567,218,669,888,428,809.0,94,44.84,,,
483,Clemson University,"United States, 155",367,535,218,433,497,645,396.0,510,44.83,Public,Clemson,SC
484,University of Zaragoza,"Spain, 14",366,408,218,342,675,428,471.0,276,44.83,,,
485,University of the Basque Country,"Spain, 15",367,567,218,318,387,511,480.0,266,44.83,,,
486,Nagasaki University,"Japan, 24",299,214,218,614,607,645,529.0,233,44.82,,,
487,Technical University of Dortmund,"Germany, 37",367,567,218,459,528,368,420.0,284,44.82,,,
488,University of Hawaii at Manoa,"United States, 156",367,435,153,448,213,368,457.0,490,44.82,Public,Honolulu,HI
489,University of Nebraska Omaha,"USA, 157",367,365,218,704,606,428,396.0,871,44.81,,,
490,University of Konstanz,"Germany, 38",367,567,218,475,337,368,402.0,614,44.81,,,
491,Panjab University,"India, 4",333,167,218,720,786,368,540.0,824,44.8,,,
492,University of Hanover,"Germany, 39",367,485,218,434,507,368,457.0,250,44.8,,,
493,"University of Maryland
Baltimore County","USA, 158",367,567,218,587,391,428,402.0,423,44.8,Public,Baltimore,MD
494,University of Newcastle,"Australia, 11",367,567,218,408,496,812,424.0,322,44.79,,,
495,University of Ulsan,"South Korea, 17",367,436,218,421,599,645,424.0,370,44.79,,,
496,Renmin University of China,"China, 27",367,100,218,965,936,812,896.0,715,44.79,,,
497,Martin Luther University of Halle-Wittenberg,"Germany, 40",358,567,210,394,345,812,413.0,706,44.79,,,
498,University of Malaya,"Malaysia, 2",367,138,218,572,877,428,741.0,274,44.79,,,
499,University of Savoy,"France, 20",367,567,218,490,435,428,402.0,731,44.79,,,
500,University of Udine,"Italy, 25",367,567,218,600,390,511,396.0,634,44.78,,,
501,Tokyo Metropolitan University,"Japan, 25",367,415,218,593,460,321,413.0,574,44.78,,,
502,University of Sherbrooke,"Canada, 21",367,567,218,454,421,321,413.0,853,44.77,,,
503,University of Brescia,"Italy, 26",367,567,218,585,614,645,396.0,816,44.77,,,
504,University of Ljubljana,"Slovenia, 1",367,567,218,341,415,321,457.0,507,44.77,,,
505,University of Nice Sophia Antipolis,"France, 21",266,567,218,451,259,511,424.0,513,44.75,,,
506,University of Hull,"United Kingdom, 38",305,253,162,602,557,511,511.0,524,44.75,,,
507,University of Coimbra,"Portugal, 3",359,567,218,415,423,645,424.0,459,44.75,,,
508,Creighton University,"United States, 159",367,567,218,824,724,368,402.0,615,44.75,,,
509,Georgia State University,"USA, 160",367,405,218,449,484,511,457.0,360,44.74,Public,Atlanta,GA
510,University of Wisconsin–Milwaukee,"USA, 161",229,248,218,516,491,511,503.0,871,44.74,Public,Milwaukee,WI
511,Catholic University of Korea,"South Korea, 18",367,567,218,576,792,645,590.0,139,44.74,,,
512,University of Tokushima,"Japan, 26",107,567,218,643,453,645,529.0,247,44.73,,,
513,Yokohama City University,"Japan, 27",367,231,218,685,370,645,520.0,359,44.73,,,
514,Lanzhou University,"China, 28",367,567,218,350,689,645,457.0,624,44.72,,,
515,University of Crete,"Greece, 3",367,567,218,491,518,511,420.0,871,44.72,,,
516,SUNY Downstate Medical Center,"USA, 162",367,567,155,756,446,511,437.0,660,44.72,,,
517,University of Potsdam,"Germany, 41",367,567,218,485,313,511,424.0,584,44.72,,,
518,Yokohama National University,"Japan, 28",88,217,135,909,865,645,809.0,440,44.72,,,
519,New Mexico State University,"USA, 163",367,432,218,711,585,321,424.0,871,44.71,,,
520,University of Bayreuth,"Germany, 42",367,567,218,457,331,321,447.0,603,44.71,,,
521,Bar-Ilan University,"Israel, 6",280,392,218,404,410,645,495.0,338,44.71,,,
522,University of Mississippi - Oxford Campus,"United States, 164",367,567,218,508,851,428,424.0,611,44.7,,,
523,University of Tasmania,"Australia, 12",367,567,218,429,261,645,447.0,727,44.7,,,
524,Graduate University for Advanced Studies,"Japan, 29",367,567,218,613,291,645,420.0,871,44.7,,,
525,University of Surrey,"United Kingdom, 39",217,295,218,419,553,428,549.0,300,44.7,,,
526,Federal University of Minas Gerais,"Brazil, 4",367,425,218,417,521,428,549.0,207,44.7,,,
527,University of Tromsø - The Arctic University of Norway,"Norway, 4",367,567,218,493,407,287,447.0,824,44.7,,,
528,University of Palermo,"Italy, 27",367,567,218,452,545,812,437.0,559,44.7,,,
529,Shinshu University,"Japan, 30",367,517,218,594,602,368,486.0,244,44.7,,,
530,University of Science and Technology Beijing,"China, 29",367,121,218,542,937,511,886.0,408,44.7,,,
531,University of Catania,"Italy, 28",213,567,218,438,693,428,457.0,853,44.69,,,
532,Mahidol University,"Thailand, 2",367,567,218,476,372,368,447.0,861,44.69,,,
533,University of Canterbury,"New Zealand, 3",190,195,218,569,437,428,606.0,871,44.68,,,
534,Indian Institute of Technology Madras,"India, 5",367,147,218,523,943,812,796.0,317,44.68,,,
535,University of Bremen,"Germany, 43",367,567,218,466,289,321,471.0,515,44.68,,,
536,Otto-von-Guericke University Magdeburg,"Germany, 44",367,567,218,486,629,511,457.0,388,44.68,,,
537,University of Tartu,"Estonia, 1",365,567,218,586,318,368,457.0,426,44.68,,,
538,University of Windsor,"Canada, 22",367,133,218,764,912,812,754.0,658,44.68,,,
539,University of Nantes,"France, 22",367,567,218,483,420,511,447.0,579,44.67,,,
540,"Royal Holloway
University of London","United Kingdom, 40",367,567,218,564,306,428,447.0,556,44.67,,,
541,James Cook University,"Australia, 13",367,567,218,505,248,428,457.0,665,44.67,,,
542,National Yang-Ming University,"Taiwan, 5",367,567,218,345,517,511,495.0,824,44.65,,,
543,University of Akron,"USA, 165",367,400,218,656,653,645,606.0,166,44.65,,,
544,National Chung Hsing University,"Taiwan, 6",367,211,218,412,682,511,606.0,871,44.65,,,
545,City University London,"United Kingdom, 41",367,122,218,785,861,812,880.0,601,44.64,,,
546,New York Medical College,"United States, 166",367,567,218,752,622,812,437.0,719,44.64,,,
547,Nara Institute of Science and Technology,"Japan, 31",367,567,218,773,329,645,495.0,270,44.63,,,
548,École Centrale Paris,"France, 23",367,111,218,995,827,812,958.0,839,44.63,,,
549,Auburn University,"United States, 167",367,232,218,472,569,368,606.0,425,44.63,Public,Auburn,AL
550,University of Arkansas - Fayetteville,"USA, 168",204,345,218,517,571,645,520.0,409,44.62,,,
551,University of Zagreb,"Croatia, 1",367,567,218,553,541,428,471.0,650,44.62,,,
552,University of Lübeck,"Germany, 45",367,567,218,649,394,812,457.0,629,44.62,,,
553,Hunan University,"China, 30",367,291,218,464,906,645,529.0,816,44.62,,,
554,University of Missouri–Kansas City,"USA, 169",311,480,218,634,447,645,471.0,687,44.61,,,
555,Tokyo Women's Medical University,"Japan, 32",367,567,218,787,594,511,480.0,362,44.61,,,
556,Montana State University - Bozeman,"USA, 170",367,477,218,575,323,287,495.0,744,44.61,,,
557,University of Aveiro,"Portugal, 4",367,567,218,413,680,511,590.0,212,44.61,,,
558,"National University of Ireland
Galway","Ireland, 4",367,567,218,588,546,645,503.0,293,44.61,,,
559,University of Oviedo,"Spain, 16",367,539,218,440,445,428,495.0,579,44.61,,,
560,Dongguk University,"South Korea, 19",367,305,218,927,917,812,997.0,108,44.61,,,
561,University of Trento,"Italy, 29",367,567,218,488,556,368,486.0,861,44.61,,,
562,University Lille 1: Sciences and Technologies,"France, 24",367,567,218,414,400,368,511.0,546,44.6,,,
563,Chang Gung University,"Taiwan, 7",367,567,218,344,598,812,520.0,824,44.6,,,
564,National Central University,"Taiwan, 8",225,567,218,384,468,511,520.0,839,44.6,,,
565,Aalborg University,"Denmark, 5",367,439,218,596,660,287,520.0,401,44.59,,,
566,Utah State University,"USA, 171",166,352,218,564,414,368,565.0,371,44.59,Public,Logan,UT
567,Baylor University,"USA, 172",367,293,218,682,681,321,540.0,630,44.59,Private (non-profit),Waco,TX
568,Bangor University,"United Kingdom, 42",260,370,218,622,568,511,529.0,342,44.59,,,
569,King Saud University,"Saudi Arabia, 1",367,182,218,560,539,645,837.0,232,44.59,,,
570,University of Cagliari,"Italy, 30",367,567,218,518,567,511,486.0,623,44.59,,,
571,Kent State University,"USA, 173",367,567,218,610,436,511,486.0,498,44.58,Public,Kent,OH
572,Central China Normal University,"China, 31",367,567,218,631,855,511,480.0,778,44.58,,,
573,University of Fribourg,"Switzerland, 8",232,252,218,734,428,428,579.0,787,44.58,,,
574,Medical University of Graz,"Austria, 6",367,567,218,573,628,812,486.0,576,44.58,,,
575,Second University of Naples,"Italy, 31",367,567,218,556,641,645,486.0,824,44.57,,,
576,International School for Advanced Studies,"Italy, 32",367,567,218,623,406,812,486.0,768,44.57,,,
577,Tampere University of Technology,"Finland, 7",367,156,218,816,646,645,796.0,746,44.56,,,
578,Inha University,"South Korea, 20",367,381,218,568,780,511,565.0,273,44.56,,,
579,Deakin University,"Australia, 14",367,424,218,502,647,321,529.0,636,44.56,,,
580,National Polytechnic Institute of Toulouse,"France, 25",367,242,218,486,672,812,646.0,413,44.56,,,
581,Sogang University,"South Korea, 21",367,567,218,806,798,812,921.0,115,44.56,,,
582,University of Ioannina,"Greece, 4",367,567,218,597,836,645,495.0,871,44.55,,,
583,Federal University of Rio Grande do Sul,"Brazil, 5",367,567,218,410,578,428,529.0,787,44.55,,,
584,University of Graz,"Austria, 7",349,453,204,571,547,812,511.0,600,44.54,,,
585,University of Montana - Missoula,"USA, 174",353,567,218,713,315,428,503.0,702,44.54,,,
586,East China Normal University,"China, 32",367,272,218,436,645,812,622.0,576,44.54,,,
587,Plymouth University,"UK, 43",367,544,218,532,429,511,511.0,651,44.54,,,
588,Victoria University of Wellington,"New Zealand, 4",317,223,218,606,469,645,646.0,809,44.54,,,
589,Federal University of São Paulo,"Brazil, 6",367,567,218,504,638,368,520.0,839,44.53,,,
590,Southern Illinois University Carbondale,"USA, 175",208,533,218,591,512,812,520.0,588,44.53,,,
591,University of Alaska Fairbanks,"USA, 176",367,420,218,642,373,511,520.0,792,44.53,,,
592,University of Toledo,"USA, 177",367,567,218,618,555,812,606.0,220,44.53,,,
593,Carleton University,"Canada, 23",367,538,218,479,739,264,549.0,871,44.53,,,
594,Cranfield University,"United Kingdom, 44",367,176,218,763,762,812,770.0,549,44.52,,,
595,Curtin University,"Australia, 15",367,559,218,425,384,511,549.0,518,44.52,,,
596,Indian Institute of Technology Bombay,"India, 6",367,507,218,521,815,645,699.0,176,44.52,,,
597,University of Portsmouth,"UK, 45",367,567,218,768,719,234,540.0,765,44.52,,,
598,Osaka Prefecture University,"Japan, 33",367,411,218,688,671,812,686.0,187,44.52,,,
599,Nagoya City University,"Japan, 34",367,333,218,785,525,368,565.0,400,44.52,,,
600,LSU Health Sciences Center New Orleans,"USA, 178",367,567,218,823,544,645,503.0,661,44.52,,,
601,Tata Institute of Fundamental Research,"India, 7",367,567,218,468,450,368,540.0,792,44.51,,,
602,Konkuk University,"South Korea, 22",367,388,218,533,748,812,686.0,204,44.51,,,
603,University of La Laguna,"Spain, 17",367,567,218,514,336,645,529.0,661,44.51,,,
604,University of Hertfordshire,"United Kingdom, 46",367,567,218,792,396,511,511.0,839,44.51,,,
605,Florida International University,"United States, 179",367,567,218,496,508,428,540.0,585,44.5,Public,Miami,FL
606,University of Rhode Island,"USA, 180",367,265,218,664,385,511,637.0,472,44.5,,,
607,Mississippi State University,"USA, 181",155,220,218,605,608,645,754.0,566,44.5,Public,Mississippi State,MS
608,Gunma University,"Japan, 35",367,567,218,627,531,511,590.0,252,44.5,,,
609,University of New Orleans,"USA, 182",367,567,218,944,840,428,511.0,871,44.5,,,
610,"Putra University
Malaysia","Malaysia, 3",367,567,218,860,900,812,989.0,114,44.49,,,
611,Memorial University of Newfoundland,"Canada, 24",367,567,218,552,577,645,529.0,653,44.49,,,
612,Universidade Nova de Lisboa,"Portugal, 5",367,567,218,506,477,645,540.0,590,44.49,,,
613,Griffith University,"Australia, 16",367,567,218,436,500,368,565.0,556,44.49,,,
614,Indian Institute of Technology Kharagpur,"India, 8",367,242,218,500,974,812,686.0,644,44.49,,,
615,Soochow University (Suzhou),"China, 33",367,567,218,396,773,812,565.0,871,44.49,,,
616,Texas A&M Health Science Center,"USA, 183",367,567,218,672,440,645,558.0,336,44.49,,,
617,Semmelweis University,"Hungary, 2",367,567,218,650,481,511,529.0,670,44.48,,,
618,Lille 2 University of Health and Law,"France, 26",367,567,218,821,631,645,520.0,630,44.48,,,
619,Kagoshima University,"Japan, 36",367,281,218,733,706,511,715.0,251,44.48,,,
620,Flinders University,"Australia, 17",122,567,218,518,581,812,622.0,686,44.48,,,
621,Queensland University of Technology,"Australia, 18",367,567,218,477,750,511,558.0,492,44.48,,,
622,Tokai University,"Japan, 37",367,567,218,721,644,645,540.0,448,44.48,,,
623,Istanbul University,"Turkey, 2",253,386,218,684,560,645,558.0,871,44.48,,,
624,Tokyo University of Agriculture and Technology,"Japan, 38",367,567,218,641,756,511,606.0,264,44.47,,,
625,Louisiana Tech University,"USA, 184",367,197,218,969,871,428,754.0,792,44.47,,,
626,University of Texas at Arlington,"USA, 185",367,567,218,492,532,511,565.0,462,44.47,Public,Arlington,TX
627,China Agricultural University,"China, 34",367,534,218,407,362,645,590.0,572,44.47,,,
628,Chungnam National University,"South Korea, 23",367,567,218,470,563,645,622.0,290,44.47,,,
629,University of Minho,"Portugal, 6",367,567,218,588,652,287,606.0,363,44.46,,,
630,"University of Eastern Piedmont Amedeo Avogadro""""","Italy, 33",367,567,218,693,623,645,540.0,739,44.46,,,
631,Open University (UK),"United Kingdom, 47",367,567,218,616,340,645,549.0,809,44.46,,,
632,University of Essex,"United Kingdom, 48",119,358,218,694,695,511,671.0,871,44.45,,,
633,Paris-Est Créteil Val-de-Marne University,"France, 27",367,406,218,732,611,812,558.0,824,44.45,,,
634,Hacettepe University,"Turkey, 3",367,567,218,658,630,428,549.0,871,44.45,,,
635,State University of New York Upstate Medical University,"United States, 186",367,567,218,774,632,428,549.0,598,44.45,,,
636,Braunschweig University of Technology,"Germany, 46",226,567,218,551,383,645,622.0,343,44.44,,,
637,University of Salamanca,"Spain, 18",367,491,218,544,483,511,565.0,736,44.44,,,
638,Indian Institute of Technology Roorkee,"India, 9",367,395,218,839,931,428,565.0,871,44.44,,,
639,Örebro University,"Sweden, 11",367,529,218,816,747,428,549.0,871,44.44,,,
640,Northeast Normal University,"China, 35",367,567,218,678,765,645,549.0,871,44.44,,,
641,University of Patras,"Greece, 5",367,567,218,510,704,511,565.0,731,44.44,,,
642,Beijing University of Chemical Technology,"China, 36",367,536,218,558,984,812,715.0,214,44.44,,,
643,Northern Illinois University,"USA, 187",367,284,218,669,661,321,671.0,621,44.44,,,
644,Rovira i Virgili University,"Spain, 19",367,567,218,555,573,428,579.0,485,44.44,,,
645,La Trobe University,"Australia, 19",367,457,218,536,455,812,579.0,803,44.44,,,
646,Warsaw University of Technology,"Poland, 3",344,545,218,696,757,287,579.0,824,44.43,,,
647,Binghamton University,"USA, 188",367,263,218,710,593,812,671.0,853,44.43,Public,Vestal,NY
648,Shizuoka University,"Japan, 39",367,476,218,834,708,645,826.0,163,44.43,,,
649,Hong Kong Baptist University,"Hong Kong, 6",367,516,218,592,937,511,565.0,691,44.43,,,
650,Albany Medical College,"USA, 189",171,567,218,893,771,645,579.0,720,44.43,,,
651,Ehime University,"Japan, 40",367,514,218,619,582,511,590.0,418,44.43,,,
652,University of Los Andes (Colombia),"Colombia, 1",367,189,218,898,561,428,837.0,749,44.43,,,
653,Polytechnic University of Turin,"Italy, 34",367,567,218,465,798,645,659.0,283,44.43,,,
654,University of Burgundy,"France, 28",224,567,218,513,527,812,590.0,774,44.42,,,
655,University of Idaho,"USA, 190",367,567,218,664,417,511,579.0,469,44.42,,,
656,Old Dominion University,"USA, 191",367,567,218,719,590,511,590.0,379,44.42,Public,Norfolk,VA
657,Yamaguchi University,"Japan, 41",367,567,218,753,787,645,732.0,202,44.42,,,
658,Massey University,"New Zealand, 5",367,496,218,570,554,812,579.0,723,44.42,,,
659,Donghua University,"China, 37",367,567,218,805,962,234,622.0,726,44.41,,,
660,University of the Balearic Islands,"Spain, 20",367,567,218,629,558,428,590.0,503,44.41,,,
661,Portland State University,"USA, 192",367,245,218,800,548,812,741.0,484,44.41,,,
662,Marche Polytechnic University,"Italy, 35",367,567,218,688,649,812,565.0,748,44.41,,,
663,University of Québec at Montreal,"Canada, 25",367,422,218,537,534,428,622.0,871,44.41,,,
664,"UNESP
São Paulo State University","Brazil, 7",367,567,218,356,613,511,671.0,627,44.41,,,
665,Loma Linda University,"United States, 193",367,567,218,848,755,645,565.0,555,44.41,,,
666,University of Toyama,"Japan, 42",367,307,218,685,760,645,646.0,871,44.41,,,
667,University of Debrecen,"Hungary, 3",367,567,218,687,621,428,590.0,499,44.4,,,
668,"University of Maine
Orono","USA, 194",345,567,218,788,427,368,637.0,346,44.4,,,
669,Graz University of Technology,"Austria, 8",367,567,218,677,715,368,622.0,404,44.4,,,
670,Gifu University,"Japan, 43",367,567,218,701,658,645,606.0,403,44.4,,,
671,University of Jyväskylä,"Finland, 8",367,525,218,456,443,812,622.0,805,44.4,,,
672,University of Paris 13,"France, 29",367,567,218,669,744,645,579.0,700,44.4,,,
673,University of Girona,"Spain, 21",367,567,218,662,843,645,579.0,756,44.4,,,
674,Keele University,"United Kingdom, 49",367,567,218,659,533,321,606.0,853,44.4,,,
675,University of Poitiers,"France, 30",255,567,148,636,470,645,671.0,754,44.39,,,
676,University of Insubria,"Italy, 36",367,567,218,705,564,645,579.0,871,44.39,,,
677,Wuhan University of Technology,"China, 38",367,499,218,738,931,428,590.0,763,44.39,,,
678,University of Pretoria,"South Africa, 5",367,262,218,620,513,511,741.0,604,44.39,,,
679,Banaras Hindu University,"India, 10",243,260,218,754,904,511,741.0,871,44.39,,,
680,University of L'Aquila,"Italy, 37",367,567,218,655,678,645,590.0,871,44.38,,,
681,University of Alicante,"Spain, 22",367,567,218,666,779,812,686.0,262,44.38,,,
682,American University of Beirut,"Lebanon, 1",114,247,218,915,892,812,880.0,871,44.38,,,
683,University of Ulster,"United Kingdom, 50",367,567,218,747,808,321,732.0,240,44.38,,,
684,Shanghai University,"China, 39",367,567,218,494,929,812,622.0,782,44.38,,,
685,Comenius University in Bratislava,"Slovak Republic, 1",367,567,218,707,624,645,590.0,871,44.38,,,
686,University of Vigo,"Spain, 23",367,567,218,577,822,428,622.0,621,44.38,,,
687,"University of Nevada
Las Vegas","United States, 195",367,448,218,640,473,812,622.0,861,44.38,Public,Las Vegas,NV
688,Swinburne University of Technology,"Australia, 20",367,567,218,654,456,511,606.0,772,44.38,,,
689,Tilburg University,"Netherlands, 13",367,289,218,566,878,428,732.0,871,44.37,,,
690,University of Messina,"Italy, 38",367,567,218,608,803,812,606.0,871,44.37,,,
691,Kaiserslautern University of Technology,"Germany, 47",367,522,218,679,523,812,606.0,668,44.37,,,
692,University of Kent,"United Kingdom, 51",367,433,218,625,458,511,637.0,861,44.37,,,
693,University of Málaga,"Spain, 24",367,567,218,660,830,645,781.0,203,44.37,,,
694,Loughborough University,"United Kingdom, 52",367,567,218,512,806,511,646.0,480,44.37,,,
695,National Technical University of Athens,"Greece, 6",187,567,218,514,950,511,659.0,871,44.37,,,
696,Liverpool John Moores University,"United Kingdom, 53",367,567,218,723,395,511,606.0,871,44.37,,,
697,Sharif University of Technology,"Iran, 1",116,567,218,563,950,511,732.0,871,44.37,,,
698,"Birkbeck
University of London","United Kingdom, 54",300,567,218,724,339,428,622.0,871,44.37,,,
699,"University François Rabelais
Tours","France, 31",201,567,218,667,499,812,637.0,703,44.37,,,
700,University of Haifa,"Israel, 7",367,372,218,535,479,812,686.0,503,44.36,,,
701,Roma Tre University,"Italy, 39",367,567,218,639,637,511,622.0,756,44.36,,,
702,Masaryk University,"Czech Republic, 2",367,567,218,645,519,645,622.0,705,44.36,,,
703,University of Salerno,"Italy, 40",367,567,218,537,835,511,646.0,525,44.36,,,
704,King Abdullah University of Science and Technology,"Saudi Arabia, 2",367,567,126,691,529,812,946.0,182,44.36,,,
705,Beihang University,"China, 40",367,383,218,460,865,645,770.0,307,44.35,,,
706,Fuzhou University,"China, 41",367,399,218,727,984,428,671.0,463,44.35,,,
707,Heriot-Watt University,"United Kingdom, 55",367,335,218,601,597,812,715.0,439,44.35,,,
708,China Medical University (Taiwan),"Taiwan, 9",367,567,218,428,686,812,671.0,871,44.35,,,
709,University of Cantabria,"Spain, 25",367,523,218,603,587,428,646.0,571,44.35,,,
710,Rochester Institute of Technology,"United States, 196",367,431,218,905,643,287,671.0,587,44.35,,,
711,Royal College of Surgeons in Ireland,"Ireland, 5",367,567,218,888,714,368,646.0,446,44.35,,,
712,San Francisco State University,"USA, 197",271,567,218,864,572,511,622.0,871,44.35,,,
713,Sapporo Medical University,"Japan, 44",367,567,218,975,837,645,637.0,441,44.35,,,
714,Indian Institute of Technology Kanpur,"India, 11",174,503,218,561,848,645,715.0,450,44.34,,,
715,Johannes Kepler University of Linz,"Austria, 9",367,378,218,742,659,645,671.0,560,44.34,,,
716,Czech Technical University in Prague,"Czech Republic, 3",347,567,218,673,816,428,646.0,582,44.34,,,
717,Marquette University,"USA, 198",367,201,218,912,785,812,896.0,682,44.34,,,
718,Missouri University of Science and Technology,"United States, 199",367,246,218,718,923,645,826.0,592,44.34,,,
719,Howard University,"USA, 200",294,567,218,934,665,511,699.0,296,44.33,,,
720,Aston University,"United Kingdom, 56",367,355,218,827,895,645,754.0,306,44.33,,,
721,École normale supérieure de Cachan,"France, 32",121,323,218,895,776,428,826.0,871,44.33,,,
722,Jichi Medical University,"Japan, 45",367,567,218,930,633,511,637.0,641,44.33,,,
723,"Rutgers
The State University of New Jersey - Newark","United States, 201",367,567,218,832,515,645,637.0,871,44.33,,,
724,"Palacký University
Olomouc","Czechia, 4",367,567,218,739,562,511,659.0,475,44.33,,,
725,Ankara University,"Turkey, 4",367,341,218,743,728,511,699.0,871,44.33,,,
726,University of Belgrade,"Serbia, 1",276,567,218,422,694,511,715.0,824,44.33,,,
727,Toho University,"Japan, 46",367,567,159,836,824,812,699.0,787,44.33,,,
728,Kyoto Prefectural University of Medicine,"Japan, 47",367,567,218,852,752,645,637.0,871,44.33,,,
729,Swansea University,"UK, 57",367,428,218,523,566,645,699.0,595,44.32,,,
730,Université de Namur,"Belgium, 8",164,464,218,881,700,645,699.0,716,44.32,,,
731,University of Szeged,"Hungary, 4",367,567,205,657,720,812,659.0,532,44.32,,,
732,Kitasato University,"Japan, 48",367,567,218,725,595,812,646.0,871,44.32,,,
733,Hasselt University,"Belgium, 9",367,340,218,829,904,645,699.0,761,44.32,,,
734,University of Córdoba (Spain),"Spain, 26",367,567,218,632,725,812,659.0,633,44.32,,,
735,Åbo Akademi University,"Finland, 9",367,567,218,765,679,645,646.0,731,44.32,,,
736,Tottori University,"Japan, 49",367,343,218,908,721,511,741.0,390,44.32,,,
737,Kindai University,"Japan, 50",367,567,218,680,712,428,686.0,437,44.32,,,
738,University of Castilla–La Mancha,"Spain, 27",367,567,218,627,751,812,671.0,519,44.31,,,
739,University of Augsburg,"Germany, 48",367,567,218,816,684,812,646.0,792,44.31,,,
740,"Paul Valéry University
Montpellier III","France, 33",367,567,218,837,502,287,686.0,871,44.31,,,
741,University of Mons,"Belgium, 10",367,567,218,812,793,645,659.0,517,44.31,,,
742,Istanbul Technical University,"Turkey, 5",367,440,218,646,875,368,699.0,839,44.31,,,
743,"University of Natural Resources and Life Sciences
Vienna","Austria, 10",367,567,218,778,627,511,659.0,611,44.31,,,
744,National University of La Plata,"Argentina, 2",367,513,218,546,559,511,686.0,871,44.31,,,
745,University of Calabria,"Italy, 41",367,567,218,583,890,428,686.0,700,44.31,,,
746,University of Memphis,"United States, 202",367,382,218,782,640,511,741.0,394,44.3,Public,Memphis,TN
747,"G. d'Annunzio University
Chieti-Pescara","Italy, 42",367,567,218,750,615,812,659.0,871,44.3,,,
748,University of Missouri–St. Louis,"USA, 203",367,371,218,897,524,428,715.0,634,44.3,,,
749,Beijing Institute of Technology,"China, 42",367,567,218,528,969,511,699.0,569,44.3,,,
750,University of Évry Val d'Essonne,"France, 34",367,567,218,996,368,645,659.0,871,44.3,,,
751,University of South Australia,"Australia, 21",367,324,218,604,746,812,781.0,431,44.3,,,
752,University of Alabama in Huntsville,"USA, 204",367,567,218,921,432,645,659.0,805,44.3,Public,Huntsville,AL
753,University of Salzburg,"Austria, 11",367,270,218,933,738,812,796.0,871,44.3,,,
754,University of Mississippi Medical Center,"USA, 205",367,567,218,775,504,511,671.0,871,44.29,,,
755,National Research Nuclear University MEPhI,"Russia, 4",306,567,218,957,699,428,671.0,871,44.29,,,
756,Chung-Ang University,"South Korea, 24",367,461,218,637,781,511,886.0,218,44.29,,,
757,Kaohsiung Medical University,"Taiwan, 10",367,567,218,539,854,812,699.0,661,44.29,,,
758,University of Neuchâtel,"Switzerland, 9",352,567,218,863,635,812,671.0,640,44.29,,,
759,University of Yamanashi,"Japan, 51",367,567,218,869,862,645,715.0,382,44.29,,,
760,Yamagata University,"Japan, 52",367,567,218,775,736,812,686.0,535,44.29,,,
761,New Jersey Institute of Technology,"USA, 206",259,472,218,791,670,812,741.0,391,44.28,Public,Newark,NJ
762,East Carolina University,"United States, 207",367,394,218,699,685,812,732.0,639,44.28,,,
763,University of Hyogo,"Japan, 53",367,567,218,813,475,511,686.0,787,44.28,,,
764,University of Picardie Jules Verne,"France, 35",367,567,218,826,782,428,699.0,543,44.28,,,
765,University of Salento,"Italy, 43",367,567,218,661,743,511,699.0,654,44.28,,,
766,Northern Arizona University,"USA, 208",367,537,218,939,489,645,686.0,609,44.28,,,
767,Miguel Hernández University of Elche,"Spain, 28",367,567,218,757,617,812,699.0,497,44.28,,,
768,University of Tehran,"Iran, 2",181,567,218,489,984,812,770.0,871,44.28,,,
769,Blaise Pascal University,"France, 36",367,567,192,735,701,645,699.0,619,44.28,,,
770,Yeungnam University,"South Korea, 25",367,417,218,761,974,812,867.0,231,44.27,,,
771,Kurume University,"Japan, 54",367,567,218,986,770,812,699.0,473,44.27,,,
772,Institut national des sciences Appliquées de Lyon,"France, 37",367,567,218,547,674,645,732.0,558,44.27,,,
773,Saga University,"Japan, 55",367,567,218,808,791,812,715.0,435,44.27,,,
774,Chongqing University,"China, 43",367,283,218,630,892,645,837.0,809,44.27,,,
775,Jikei University School of Medicine,"Japan, 56",367,567,218,959,711,645,686.0,797,44.27,,,
776,Second Military Medical University,"China, 44",367,567,218,579,664,645,754.0,395,44.27,,,
777,Jawaharlal Nehru Centre for Advanced Scientific Research,"India, 12",367,567,218,868,650,645,715.0,453,44.27,,,
778,"University of North Texas
Denton","United States, 209",367,567,218,675,636,645,715.0,554,44.27,,,
779,Ege University,"Turkey, 6",367,567,218,761,839,511,699.0,871,44.27,,,
780,Mie University,"Japan, 57",367,567,218,835,860,645,741.0,368,44.27,,,
781,École Polytechnique de Montréal,"Canada, 26",367,507,218,716,921,511,741.0,412,44.27,,,
782,AGH University of Science and Technology,"Poland, 4",267,279,218,708,891,511,896.0,398,44.26,,,
783,University of Electronic Science and Technology of China,"China, 45",367,308,218,529,912,812,837.0,552,44.26,,,
784,University of Stirling,"United Kingdom, 58",367,357,218,772,707,812,754.0,871,44.26,,,
785,University of Greifswald,"Germany, 49",367,567,211,714,487,812,732.0,476,44.26,,,
786,National Polytechnic Institute,"Mexico, 2",330,567,218,573,579,428,741.0,620,44.26,,,
787,Jacobs University Bremen,"Germany, 50",367,567,218,894,666,511,715.0,533,44.26,,,
788,Capital Medical University,"China, 46",367,567,218,525,754,511,741.0,871,44.26,,,
789,Norwegian University of Life Sciences,"Norway, 5",367,567,218,769,570,511,715.0,782,44.26,,,
790,Michigan Technological University,"USA, 210",341,467,218,794,769,428,741.0,581,44.25,,,
791,Vilnius University,"Lithuania, 1",340,567,218,799,642,645,715.0,684,44.25,,,
792,North Dakota State University - Main Campus,"United States, 211",172,567,218,702,790,812,770.0,871,44.25,,,
793,University of Hohenheim,"Germany, 51",367,567,218,767,691,645,715.0,782,44.25,,,
794,University of North Carolina at Charlotte,"United States, 212",367,310,218,741,662,511,826.0,593,44.25,,,
795,Zhengzhou University,"China, 47",367,427,218,663,806,812,754.0,749,44.25,,,
796,Cairo University,"Egypt, 1",285,469,180,697,730,511,781.0,871,44.25,,,
797,University of Caen Lower Normandy,"France, 38",207,567,218,637,768,812,754.0,787,44.25,,,
798,Saitama Medical University,"Japan, 58",367,567,218,993,586,645,732.0,488,44.25,,,
799,University of Murcia,"Spain, 29",367,567,218,541,703,428,781.0,479,44.24,,,
800,Showa University,"Japan, 59",367,567,218,985,759,645,715.0,727,44.24,,,
801,University of Oldenburg,"Germany, 52",367,567,218,729,619,645,732.0,816,44.24,,,
802,Magna Græcia University of Catanzaro,"Italy, 44",367,567,218,948,813,812,715.0,766,44.24,,,
803,National Sun Yat-sen University,"Taiwan, 11",367,567,218,461,950,511,781.0,871,44.24,,,
804,Nanjing University of Science and Technology,"China, 48",367,331,218,796,943,368,826.0,694,44.24,,,
805,University of Concepción,"Chile, 3",367,567,218,712,451,812,754.0,505,44.23,,,
806,Chungbuk National University,"South Korea, 26",367,567,218,745,859,812,809.0,319,44.23,,,
807,Taipei Medical University,"Taiwan, 12",367,567,218,499,883,645,781.0,661,44.23,,,
808,Jaume I University,"Spain, 30",367,567,218,794,958,645,741.0,643,44.23,,,
809,Bowling Green State University,"United States, 213",367,373,218,910,705,645,781.0,824,44.23,,,
810,Nanjing University of Technology,"China, 49",367,567,218,748,984,812,932.0,217,44.22,,,
811,University of New England (Australia),"Australia, 22",367,251,218,938,634,511,932.0,797,44.22,,,
812,Kangwon National University,"South Korea, 27",367,567,218,706,819,645,781.0,428,44.22,,,
813,Inje University,"South Korea, 28",367,567,218,838,928,812,809.0,331,44.22,,,
814,Aberystwyth University,"UK, 59",367,567,218,842,552,511,754.0,607,44.22,,,
815,"University of Technology
Sydney","Australia, 23",367,543,218,580,668,511,796.0,520,44.22,,,
816,University of Franche-Comté,"France, 39",302,567,218,743,814,511,770.0,583,44.22,,,
817,University of Sassari,"Italy, 45",367,567,218,758,592,812,754.0,805,44.21,,,
818,Chiang Mai University,"Thailand, 3",367,550,218,847,753,511,754.0,871,44.21,,,
819,Budapest University of Technology and Economics,"Hungary, 5",256,567,218,740,761,645,781.0,529,44.21,,,
820,University of Maribor,"Slovenia, 2",367,567,218,853,820,511,754.0,752,44.21,,,
821,University of Bradford,"United Kingdom, 60",367,287,218,859,772,812,886.0,567,44.21,,,
822,University of Perpignan Via Domitia,"France, 40",160,567,218,974,580,428,826.0,871,44.21,,,
823,Florida Institute of Technology,"United States, 214",367,567,218,973,793,368,770.0,871,44.21,,,
824,University of Brighton,"United Kingdom, 61",367,567,218,854,829,812,754.0,766,44.21,,,
825,University of Massachusetts Boston,"USA, 215",367,429,218,846,698,428,796.0,824,44.21,,,
826,Rio de Janeiro State University,"Brazil, 8",367,567,218,760,910,511,770.0,739,44.21,,,
827,Nagoya Institute of Technology,"Japan, 60",367,504,218,825,958,645,921.0,229,44.2,,,
828,Jiangnan University,"China, 50",367,567,218,783,912,812,770.0,628,44.2,,,
829,Murdoch University,"Australia, 24",367,527,218,827,501,645,770.0,770,44.2,,,
830,"University of Wales
Trinity Saint David","United Kingdom, 62",367,567,218,1000,927,645,754.0,871,44.2,,,
831,University of Rouen,"France, 41",362,567,218,700,722,812,809.0,414,44.2,,,
832,The Catholic University of America,"USA, 216",367,407,218,947,596,511,809.0,674,44.2,,,
833,Wright State University - Dayton,"United States, 217",367,567,218,810,805,812,770.0,824,44.2,,,
834,Dankook University,"South Korea, 29",367,567,218,888,948,645,896.0,241,44.2,,,
835,Clarkson University,"USA, 218",367,390,218,981,974,812,809.0,685,44.19,,,
836,University of Regina,"Canada, 27",367,567,218,851,737,645,781.0,573,44.19,,,
837,Boğaziçi University,"Turkey, 7",367,519,218,843,766,511,781.0,824,44.19,,,
838,Kōchi University,"Japan, 61",367,567,218,942,788,812,781.0,536,44.19,,,
839,University of Miyazaki,"Japan, 62",290,567,218,952,692,645,826.0,393,44.19,,,
840,University of Electro-Communications,"Japan, 63",161,567,218,857,833,645,906.0,332,44.19,,,
841,University of Valladolid,"Spain, 31",367,454,218,691,888,812,850.0,407,44.19,,,
842,Bilkent University,"Turkey, 8",367,475,218,781,789,812,796.0,871,44.19,,,
843,Dublin City University,"Ireland, 6",367,567,218,803,933,511,850.0,347,44.19,,,
844,University of South Alabama,"USA, 219",367,567,218,979,784,812,796.0,464,44.19,,,
845,Sofia University,"Bulgaria, 1",254,567,218,814,881,645,796.0,871,44.19,,,
846,Ocean University of China,"China, 51",367,567,218,648,735,812,809.0,541,44.19,,,
847,King Fahd University of Petroleum and Minerals,"Saudi Arabia, 3",367,234,218,934,950,812,984.0,871,44.19,,,
848,University of Veterinary Medicine Vienna,"Austria, 12",367,567,184,872,687,511,809.0,654,44.19,,,
849,University of Alcalá,"Spain, 32",367,567,218,746,657,812,796.0,608,44.18,,,
850,Hunter College,"USA, 220",261,438,218,822,610,812,826.0,805,44.18,,,
851,"All India Institute of Medical Sciences
New Delhi","India, 13",367,567,218,887,886,645,781.0,839,44.18,,,
852,Gazi University,"Turkey, 9",367,468,218,750,942,645,809.0,871,44.18,,,
853,"National University of Ireland
Maynooth","Ireland, 7",244,567,218,992,710,812,809.0,561,44.18,,,
854,Tehran University of Medical Sciences,"Iran, 3",367,567,218,771,899,812,796.0,871,44.18,,,
855,University of the Ryukyus,"Japan, 64",367,567,218,922,663,645,796.0,618,44.18,,,
856,Florida Atlantic University,"United States, 221",367,567,218,855,741,812,796.0,714,44.17,,,
857,University of Siegen,"Germany, 53",367,532,218,870,732,428,809.0,769,44.17,,,
858,Huazhong Agricultural University,"China, 52",367,567,218,651,535,645,837.0,494,44.17,,,
859,University of Angers,"France, 42",367,567,218,840,801,812,809.0,550,44.17,,,
860,University of Seoul,"South Korea, 30",367,567,218,989,907,645,921.0,259,44.17,,,
861,Brock University,"Canada, 28",367,567,218,877,727,511,809.0,638,44.17,,,
862,Fukuoka University,"Japan, 65",367,567,218,971,876,812,837.0,416,44.17,,,
863,Hamamatsu University School of Medicine,"Japan, 66",367,567,218,990,917,645,826.0,470,44.17,,,
864,Nanjing Normal University,"China, 53",367,456,218,729,709,428,850.0,742,44.17,,,
865,National Chung Cheng University,"Taiwan, 13",367,567,218,796,991,645,809.0,871,44.17,,,
866,Nanjing Agricultural University,"China, 54",367,567,218,617,726,812,837.0,601,44.16,,,
867,University of the Republic (Uruguay),"Uruguay, 66",367,567,218,814,669,812,809.0,871,44.16,,,
868,Sejong University,"South Korea, 31",367,567,218,788,845,812,837.0,466,44.16,,,
869,Makerere University,"Uganda, 1",367,567,218,882,656,645,809.0,871,44.16,,,
870,University of New Brunswick,"Canada, 29",367,354,218,777,802,812,886.0,591,44.16,,,
871,Northeastern University (China),"China, 55",367,315,218,759,974,812,906.0,698,44.16,,,
872,University of Extremadura,"Spain, 33",367,567,218,766,958,812,826.0,630,44.16,,,
873,RMIT University,"Australia, 25",367,561,218,690,929,812,837.0,585,44.16,,,
874,"Royal Veterinary College
University of London","UK, 63",246,567,218,896,550,511,837.0,746,44.16,,,
875,Chung Yuan Christian University,"Taiwan, 14",249,320,218,779,962,812,921.0,871,44.16,,,
876,University of Osnabrück,"Germany, 54",367,567,218,844,654,511,826.0,871,44.15,,,
877,Northwest University (China),"China, 56",367,567,218,904,848,368,837.0,871,44.15,,,
878,Chosun University,"South Korea, 32",367,567,218,942,984,812,991.0,209,44.15,,,
879,University of Orléans,"France, 43",367,524,218,754,495,645,837.0,839,44.15,,,
880,Jean Monnet University,"France, 44",367,567,218,626,486,812,850.0,710,44.15,,,
881,École centrale de Lyon,"France, 45",367,255,218,856,841,812,991.0,570,44.15,,,
882,University of Western Sydney,"Australia, 26",367,567,218,651,551,645,850.0,647,44.15,,,
883,Hefei University of Technology,"China, 57",367,302,218,914,974,812,932.0,871,44.15,,,
884,University of Massachusetts Lowell,"USA, 222",367,528,218,936,943,321,946.0,304,44.15,,,
885,Manchester Metropolitan University,"UK, 64",367,458,218,941,677,812,850.0,721,44.14,,,
886,Nanjing Medical University,"China, 58",367,567,218,582,696,812,867.0,761,44.14,,,
887,Kyoto Institute of Technology,"Japan, 67",367,567,218,982,868,812,921.0,287,44.14,,,
888,Shanghai Normal University,"China, 59",367,463,218,919,950,812,850.0,871,44.14,,,
889,Southwest University,"China, 60",268,567,218,695,897,645,867.0,669,44.14,,,
890,Adam Mickiewicz University in Poznań,"Poland, 5",150,567,218,675,775,812,932.0,657,44.14,,,
891,University of Calcutta,"India, 14",140,346,209,964,900,645,994.0,424,44.14,,,
892,University of Pécs,"Hungary, 6",367,567,218,962,812,812,850.0,501,44.14,,,
893,"Queens College
City University of New York","United States, 223",323,374,218,977,690,812,886.0,729,44.14,,,
894,University of Lleida,"Spain, 34",367,567,218,883,850,812,837.0,809,44.14,,,
895,Nanjing University of Aeronautics and Astronautics,"China, 61",367,486,218,709,974,812,867.0,853,44.14,,,
896,University of Western Brittany,"France, 46",367,567,218,840,616,812,850.0,599,44.13,,,
897,University of North Carolina at Greensboro,"United States, 224",367,567,218,899,825,645,850.0,575,44.13,,,
898,Pukyong National University,"South Korea, 33",367,567,218,906,962,812,896.0,356,44.13,,,
899,Fourth Military Medical University,"China, 62",367,567,218,609,716,645,880.0,692,44.13,,,
900,University of Fukui,"Japan, 68",367,567,218,950,797,812,850.0,610,44.13,,,
901,University of Southern Mississippi,"USA, 225",367,567,218,913,853,812,850.0,676,44.13,Public,Hattiesburg,MS
902,University of Mannheim,"Germany, 55",367,518,218,916,903,428,867.0,871,44.13,,,
903,Shimane University,"Japan, 69",367,567,218,956,717,645,850.0,695,44.13,,,
904,China University of Geosciences (Wuhan),"China, 63",367,558,218,928,639,428,867.0,752,44.13,,,
905,University of Thessaly,"Greece, 7",367,567,218,875,984,812,850.0,871,44.13,,,
906,Oakland University,"United States, 226",367,567,218,888,810,812,850.0,871,44.13,,,
907,Wilfrid Laurier University,"Canada, 30",367,298,218,952,921,812,969.0,871,44.13,,,
908,Teikyo University,"Japan, 70",367,567,218,966,767,812,850.0,803,44.12,,,
909,Saitama University,"Japan, 71",367,349,218,959,609,511,932.0,545,44.12,,,
910,Trent University,"Canada, 31",367,509,218,923,777,511,867.0,782,44.12,,,
911,Nicolaus Copernicus University in Toruń,"Poland, 6",367,567,218,873,821,511,867.0,698,44.12,,,
912,Tarbiat Modares University,"Iran, 4",367,567,218,769,991,812,867.0,871,44.12,,,
913,University of North Dakota,"United States, 227",367,567,218,917,731,812,867.0,606,44.12,,,
914,Isfahan University of Technology,"Iran, 5",367,567,218,682,923,645,880.0,871,44.12,,,
915,Fluminense Federal University,"Brazil, 9",367,313,218,802,892,645,958.0,871,44.12,,,
916,National Taiwan University of Science and Technology,"Taiwan, 15",367,567,218,598,991,812,886.0,823,44.12,,,
917,University of Lethbridge,"Canada, 32",367,567,218,957,718,511,867.0,853,44.12,,,
918,Federal University of Santa Catarina,"Brazil, 10",367,567,218,606,941,812,886.0,763,44.12,,,
919,University of Camerino,"Italy, 46",367,567,218,903,826,812,867.0,724,44.12,,,
920,University of Brasília,"Brazil, 11",367,367,218,807,688,812,921.0,871,44.12,,,
921,University of Wrocław,"Poland, 7",355,567,218,736,842,645,880.0,871,44.12,,,
922,University of Basilicata,"Italy, 47",367,567,218,940,900,645,867.0,871,44.12,,,
923,Jadavpur University,"India, 15",367,515,218,849,991,428,886.0,735,44.11,,,
924,South China Normal University,"China, 64",367,452,218,674,912,645,906.0,744,44.11,,,
925,University of Hyderabad,"India, 16",367,567,218,879,910,812,880.0,871,44.11,,,
926,Ritsumeikan University,"Japan, 72",367,325,218,906,882,511,984.0,430,44.1,,,
927,Carlos III University of Madrid,"Spain, 35",367,567,218,643,958,812,946.0,383,44.1,,,
928,University of Cyprus,"Cyprus, 1",367,567,218,820,896,645,886.0,816,44.1,,,
929,University of Texas at El Paso,"USA, 228",367,442,218,910,838,812,906.0,706,44.1,Public,El Paso,TX
930,University of Cádiz,"Spain, 36",367,567,218,850,816,812,969.0,311,44.1,,,
931,Shahid Beheshti University of Medical Sciences,"Iran, 6",367,567,218,833,920,812,886.0,871,44.1,,,
932,National Taiwan Normal University,"Taiwan, 16",367,478,218,731,939,645,906.0,871,44.1,,,
933,National University of Córdoba,"Argentina, 3",367,567,218,717,796,645,896.0,871,44.1,,,
934,Federal University of Paraná,"Brazil, 12",367,497,218,697,800,812,906.0,772,44.1,,,
935,University of Jaén,"Spain, 37",367,567,218,920,871,645,896.0,563,44.09,,,
936,"University of California
Merced","United States, 229",367,567,218,899,540,812,906.0,491,44.09,,,
937,University of Waikato,"New Zealand, 6",367,474,218,945,870,511,906.0,703,44.09,,,
938,University of Central Lancashire,"United Kingdom, 65",367,494,218,946,603,511,906.0,749,44.09,,,
939,Federal University of Pernambuco,"Brazil, 13",367,552,218,749,884,812,946.0,417,44.09,,,
940,University of Almería,"Spain, 38",367,567,218,967,974,812,896.0,681,44.09,,,
941,Federal University of São Carlos,"Brazil, 14",367,567,218,722,948,812,906.0,774,44.09,,,
942,Charles Darwin University,"Australia, 27",367,567,218,931,742,645,896.0,871,44.09,,,
943,Yangzhou University,"China, 65",367,567,218,891,873,812,896.0,871,44.09,,,
944,Wrocław University of Technology,"Poland, 8",367,409,218,798,947,645,946.0,861,44.09,,,
945,Hirosaki University,"Japan, 73",367,505,218,951,844,511,906.0,693,44.08,,,
946,National Taiwan Ocean University,"Taiwan, 17",367,413,218,790,940,812,946.0,871,44.08,,,
947,Jiangsu University,"China, 66",367,556,218,808,969,812,981.0,323,44.08,,,
948,Northwestern Polytechnical University,"China, 67",367,351,218,566,962,812,989.0,871,44.08,,,
949,Xiangtan University,"China, 68",367,384,218,862,935,812,958.0,778,44.08,,,
950,United Arab Emirates University,"United Arab Emirates, 1",367,521,218,994,851,812,906.0,689,44.08,,,
951,Gachon University,"South Korea, 34",367,567,218,918,880,812,932.0,451,44.08,,,
952,Hallym University,"South Korea, 35",367,567,218,884,908,812,921.0,565,44.08,,,
953,Harbin Engineering University,"China, 69",367,567,218,970,991,645,906.0,839,44.07,,,
954,Dokuz Eylül University,"Turkey, 10",367,567,218,931,957,812,906.0,871,44.07,,,
955,Jinan University,"China, 70",367,336,218,793,897,812,984.0,688,44.07,,,
956,Shiraz University,"Iran, 7",367,567,218,865,962,645,921.0,871,44.07,,,
957,Third Military Medical University,"China, 71",367,567,218,737,809,645,932.0,721,44.07,,,
958,Amirkabir University of Technology,"Iran, 8",367,567,218,725,962,645,932.0,871,44.07,,,
959,Public University of Navarre,"Spain, 39",367,567,218,972,831,812,921.0,697,44.07,,,
960,Federico Santa María Technical University,"Chile, 4",367,567,218,955,923,368,946.0,645,44.07,,,
961,Federal University of ABC,"Brazil, 15",367,567,218,929,923,645,921.0,871,44.07,,,
962,University of Puerto Rico at Mayagüez,"Puerto Rico, 1",367,567,218,998,793,645,921.0,871,44.06,,,
963,Southern Medical University,"China, 72",367,567,218,801,758,812,932.0,782,44.06,,,
964,University of Silesia,"Poland, 9",367,567,218,867,864,511,932.0,871,44.06,,,
965,Ain Shams University,"Egypt, 2",367,567,218,875,832,511,932.0,871,44.06,,,
966,University of Valenciennes and Hainaut-Cambresis,"France, 47",367,567,218,866,950,645,932.0,871,44.06,,,
967,Chung Shan Medical University,"Taiwan, 18",367,567,218,727,973,645,946.0,871,44.06,,,
968,National University of Colombia,"Colombia, 2",367,312,218,871,732,812,994.0,861,44.06,,,
969,South China Agricultural University,"China, 73",367,567,218,877,811,812,932.0,871,44.06,,,
970,Ibaraki University,"Japan, 74",367,567,218,999,448,645,946.0,562,44.06,,,
971,Fu Jen Catholic University,"Taiwan, 19",367,446,218,984,887,812,958.0,824,44.06,,,
972,Hunan Normal University,"China, 74",367,567,218,923,917,812,932.0,871,44.06,,,
973,Ulsan National Institute of Science and Technology,"South Korea, 36",367,567,218,880,912,645,984.0,349,44.06,,,
974,Federal University of Santa Maria,"Brazil, 16",367,396,218,954,974,812,975.0,871,44.05,,,
975,Shenzhen University,"China, 75",367,410,218,976,778,645,999.0,318,44.05,,,
976,Tianjin Medical University,"China, 76",367,567,218,885,857,812,946.0,839,44.05,,,
977,Beijing University of Technology,"China, 77",367,567,218,780,950,812,969.0,512,44.05,,,
978,University of Reims Champagne-Ardenne,"France, 48",367,567,218,967,884,645,958.0,544,44.05,,,
979,Yuan Ze University,"Taiwan, 20",367,567,218,923,984,812,946.0,871,44.05,,,
980,"University of Chemistry and Technology
Prague","Czech Republic, 5",367,567,218,991,868,812,946.0,778,44.05,,,
981,University of Limerick,"Ireland, 8",367,529,218,892,863,812,969.0,516,44.05,,,
982,China Medical University (PRC),"China, 78",367,567,218,804,749,645,958.0,871,44.04,,,
983,Feng Chia University,"Taiwan, 21",367,434,218,902,991,812,975.0,871,44.04,,,
984,Zhejiang University of Technology,"China, 79",367,567,218,858,991,812,958.0,672,44.04,,,
985,Novosibirsk State University,"Russia, 5",167,567,218,819,858,645,991.0,871,44.04,,,
986,University of Bucharest,"Romania, 1",237,567,218,845,804,645,975.0,871,44.04,,,
987,Babeș-Bolyai University,"Romania, 2",367,567,218,874,855,812,958.0,871,44.04,,,
988,Mansoura University,"Egypt, 3",367,567,218,987,969,645,958.0,871,44.04,,,
989,University of Pau and Pays de l'Adour,"France, 49",367,567,218,980,991,812,958.0,809,44.04,,,
990,Henan Normal University,"China, 80",367,567,218,959,991,812,958.0,871,44.04,,,
991,Xidian University,"China, 81",367,542,218,830,974,812,984.0,434,44.03,,,
992,Federal University of Bahia,"Brazil, 17",367,540,218,962,865,645,969.0,774,44.03,,,
993,Southwest Jiaotong University,"China, 82",367,327,218,937,962,812,998.0,861,44.03,,,
994,Ryerson University,"Canada, 33",367,567,218,811,969,511,975.0,756,44.03,,,
995,King Abdulaziz University,"Saudi Arabia, 4",367,449,218,595,430,645,994.0,839,44.03,,,
996,University of the Algarve,"Portugal, 7",367,567,218,926,845,812,969.0,816,44.03,,,
997,Alexandria University,"Egypt, 4",236,566,218,997,908,645,981.0,871,44.03,,,
998,Federal University of Ceará,"Brazil, 18",367,549,218,830,823,812,975.0,824,44.03,,,
999,University of A Coruña,"Spain, 40",367,567,218,886,974,812,975.0,651,44.02,,,
1000,China Pharmaceutical University,"China, 83",367,567,218,861,991,812,981.0,547,44.02,,,
