PetID,Date,ProcedureType,ProcedureSubCode
A8-1181,2016-01-10,VACCINATIONS,05
E7-3766,2016-01-11,VACCINATIONS,05
B8-8740,2016-01-11,VACCINATIONS,05
D4-9443,2016-01-11,VACCINATIONS,05
F6-3398,2016-01-12,HOSPITALIZATION,01
E2-6642,2016-01-12,VACCINATIONS,05
A4-1165,2016-01-12,VACCINATIONS,05
F9-9345,2016-01-12,VACCINATIONS,05
F3-9375,2016-01-12,VACCINATIONS,05
F9-5311,2016-01-12,GENERAL SURGERIES,06
E0-7735,2016-01-12,GENERAL SURGERIES,03
D2-8905,2016-01-13,VACCINATIONS,05
E8-8379,2016-01-13,VACCINATIONS,05
C7-1080,2016-01-13,VACCINATIONS,05
A0-3535,2016-01-13,VACCINATIONS,05
F0-5332,2016-01-13,VACCINATIONS,05
D7-2363,2016-01-13,VACCINATIONS,05
D2-8747,2016-01-13,VACCINATIONS,05
A1-3776,2016-01-13,VACCINATIONS,05
E6-4462,2016-01-13,GENERAL SURGERIES,014
E9-6803,2016-01-13,GROOMING,03
C4-2411,2016-01-13,GROOMING,03
C6-1472,2016-01-13,GROOMING,01
B3-1131,2016-01-14,GROOMING,01
D2-6081,2016-01-15,GENERAL SURGERIES,03
E7-3627,2016-01-16,ORTHOPEDIC,02
C1-8723,2016-01-16,VACCINATIONS,03
F5-7375,2016-01-16,VACCINATIONS,05
F6-8666,2016-01-16,VACCINATIONS,05
F6-8478,2016-01-16,VACCINATIONS,05
E0-6211,2016-01-16,VACCINATIONS,05
F3-2539,2016-01-16,VACCINATIONS,05
F3-8555,2016-01-16,VACCINATIONS,05
A4-4159,2016-01-16,VACCINATIONS,05
A3-3339,2016-01-16,VACCINATIONS,05
D8-6677,2016-01-16,VACCINATIONS,05
A2-4947,2016-01-16,VACCINATIONS,05
B9-6218,2016-01-16,VACCINATIONS,05
D6-2236,2016-01-16,VACCINATIONS,05
D4-4625,2016-01-16,VACCINATIONS,05
B2-9810,2016-01-16,VACCINATIONS,05
C1-9941,2016-01-16,VACCINATIONS,05
B3-8928,2016-01-16,VACCINATIONS,05
D0-1215,2016-01-16,VACCINATIONS,05
D0-6732,2016-01-16,VACCINATIONS,05
B1-3264,2016-01-16,VACCINATIONS,05
B0-4748,2016-01-16,GENERAL SURGERIES,06
E2-7605,2016-01-16,GROOMING,03
C0-7481,2016-01-16,GROOMING,01
B1-9230,2016-01-16,GROOMING,01
D9-8608,2016-01-16,GROOMING,01
D7-1251,2016-01-17,GROOMING,01
A6-8584,2016-01-17,ORTHOPEDIC,08
B0-6294,2016-01-18,VACCINATIONS,05
A8-9910,2016-01-18,GROOMING,01
D3-5820,2016-01-18,GENERAL SURGERIES,03
A7-2884,2016-01-19,OFFICE FEES,03
E5-2832,2016-01-19,ORTHOPEDIC,05
D6-9256,2016-01-20,VACCINATIONS,05
F9-2733,2016-01-20,GROOMING,01
D8-2576,2016-01-21,VACCINATIONS,05
T0-3277,2016-01-22,VACCINATIONS,05
A4-8539,2016-01-22,VACCINATIONS,05
A1-9741,2016-01-22,VACCINATIONS,05
C1-1858,2016-01-22,VACCINATIONS,05
F8-3495,2016-01-22,VACCINATIONS,05
F9-3299,2016-01-22,VACCINATIONS,05
A5-2650,2016-01-22,VACCINATIONS,05
F3-9496,2016-01-22,VACCINATIONS,05
B2-6133,2016-01-22,VACCINATIONS,05
F5-1385,2016-01-22,GROOMING,01
A0-1450,2016-01-22,GENERAL SURGERIES,03
B1-4859,2016-01-23,VACCINATIONS,05
F9-1493,2016-01-23,VACCINATIONS,05
D6-9926,2016-01-23,GENERAL SURGERIES,015
F2-8019,2016-01-23,GROOMING,01
E2-6946,2016-01-24,VACCINATIONS,05
C9-5042,2016-01-24,VACCINATIONS,05
B9-1264,2016-01-24,GROOMING,03
A3-5972,2016-01-25,GENERAL SURGERIES,015
C2-9911,2016-01-25,VACCINATIONS,05
F6-1914,2016-01-26,VACCINATIONS,05
C4-2260,2016-01-26,VACCINATIONS,05
E6-6214,2016-01-26,VACCINATIONS,05
A2-9373,2016-01-26,VACCINATIONS,05
D4-9277,2016-01-26,VACCINATIONS,05
E4-7320,2016-01-26,GROOMING,01
B1-2049,2016-01-26,GENERAL SURGERIES,03
C6-4302,2016-01-27,VACCINATIONS,05
A3-8070,2016-01-27,VACCINATIONS,05
A8-5040,2016-01-27,VACCINATIONS,05
D7-6389,2016-01-27,VACCINATIONS,05
C7-7440,2016-01-27,VACCINATIONS,05
F1-9184,2016-01-27,VACCINATIONS,05
A4-7721,2016-01-27,VACCINATIONS,05
F2-4402,2016-01-27,VACCINATIONS,05
D6-4471,2016-01-27,VACCINATIONS,05
E2-5546,2016-01-27,VACCINATIONS,05
D5-6806,2016-01-27,VACCINATIONS,05
F9-1466,2016-01-27,VACCINATIONS,05
E0-2041,2016-01-27,VACCINATIONS,05
E7-8695,2016-01-27,GENERAL SURGERIES,01
F4-6400,2016-01-27,ORTHOPEDIC,05
C9-8071,2016-01-27,GROOMING,03
F3-9541,2016-01-28,VACCINATIONS,05
F8-4572,2016-01-28,VACCINATIONS,05
C1-5134,2016-01-28,OFFICE FEES,03
A9-7671,2016-01-28,GROOMING,03
A5-7559,2016-01-28,GROOMING,03
E2-1630,2016-01-28,GROOMING,01
G6-6501,2016-01-29,VACCINATIONS,05
B4-6502,2016-01-29,VACCINATIONS,05
C0-7460,2016-01-29,VACCINATIONS,05
C2-7928,2016-01-30,VACCINATIONS,05
E9-8282,2016-01-30,VACCINATIONS,05
A4-2907,2016-01-30,VACCINATIONS,05
C1-3686,2016-01-30,VACCINATIONS,05
F9-8266,2016-01-30,VACCINATIONS,05
D6-3379,2016-01-30,VACCINATIONS,05
A9-3405,2016-01-30,VACCINATIONS,05
B9-8353,2016-01-30,VACCINATIONS,05
E9-2544,2016-01-30,HOSPITALIZATION,01
E1-9181,2016-01-30,GENERAL SURGERIES,018
F9-3687,2016-01-30,GROOMING,02
P9-3625,2016-01-30,ORTHOPEDIC,07
E1-9503,2016-01-30,GENERAL SURGERIES,019
E4-8705,2016-01-30,OFFICE FEES,02
A3-4617,2016-01-30,GROOMING,03
B8-6241,2016-01-30,GENERAL SURGERIES,03
F6-3162,2016-01-31,VACCINATIONS,05
F3-4759,2016-01-31,VACCINATIONS,05
B4-7920,2016-01-31,VACCINATIONS,05
F2-7061,2016-01-31,VACCINATIONS,05
B7-5851,2016-01-31,VACCINATIONS,05
C0-6664,2016-01-31,VACCINATIONS,05
F6-4268,2016-01-31,VACCINATIONS,05
B2-2017,2016-01-31,VACCINATIONS,05
B8-2517,2016-01-31,GENERAL SURGERIES,03
E7-5113,2016-01-31,GENERAL SURGERIES,03
B4-6485,2016-02-01,GROOMING,03
D8-7114,2016-02-01,VACCINATIONS,05
A2-5739,2016-02-01,VACCINATIONS,05
F3-5155,2016-02-01,VACCINATIONS,05
D8-6514,2016-02-01,VACCINATIONS,05
D4-6512,2016-02-01,VACCINATIONS,05
B2-4806,2016-02-01,VACCINATIONS,05
C9-1148,2016-02-01,VACCINATIONS,05
B5-4935,2016-02-01,VACCINATIONS,05
C7-7326,2016-02-01,VACCINATIONS,05
F9-8230,2016-02-01,VACCINATIONS,05
F2-6880,2016-02-01,VACCINATIONS,05
C2-3512,2016-02-01,VACCINATIONS,05
D7-7044,2016-02-01,VACCINATIONS,05
D8-5384,2016-02-01,VACCINATIONS,05
A5-2808,2016-02-01,VACCINATIONS,05
B0-5839,2016-02-01,VACCINATIONS,05
C2-9908,2016-02-01,VACCINATIONS,05
B1-8628,2016-02-01,VACCINATIONS,05
C6-4979,2016-02-01,GENERAL SURGERIES,06
F5-3309,2016-02-01,GROOMING,03
A4-3651,2016-02-01,GROOMING,01
D3-7384,2016-02-01,GENERAL SURGERIES,03
F5-1543,2016-02-01,GENERAL SURGERIES,03
C1-9890,2016-02-01,GENERAL SURGERIES,03
F0-4365,2016-02-02,ORTHOPEDIC,06
E1-7733,2016-02-02,VACCINATIONS,05
E3-2802,2016-02-02,VACCINATIONS,05
F1-1855,2016-02-02,VACCINATIONS,05
E0-5967,2016-02-02,VACCINATIONS,05
D4-8234,2016-02-02,VACCINATIONS,05
E0-7827,2016-02-02,VACCINATIONS,05
C6-3257,2016-02-02,VACCINATIONS,05
B6-1552,2016-02-02,VACCINATIONS,05
D8-6012,2016-02-02,VACCINATIONS,05
D4-9241,2016-02-02,VACCINATIONS,05
C8-6128,2016-02-02,VACCINATIONS,05
E7-8773,2016-02-02,VACCINATIONS,05
A8-8130,2016-02-02,GENERAL SURGERIES,016
E9-5340,2016-02-02,GENERAL SURGERIES,06
E3-2967,2016-02-02,GENERAL SURGERIES,015
D9-7894,2016-02-02,GROOMING,03
A4-3081,2016-02-02,GROOMING,03
E1-2237,2016-02-02,GROOMING,03
B3-5354,2016-02-02,GROOMING,03
C0-3201,2016-02-02,GROOMING,01
B3-1819,2016-02-02,GROOMING,01
E5-4383,2016-02-02,GROOMING,01
B5-2410,2016-02-02,GENERAL SURGERIES,03
C5-7835,2016-02-02,GENERAL SURGERIES,03
B9-1595,2016-02-03,GENERAL SURGERIES,013
A0-7808,2016-02-03,VACCINATIONS,05
B5-6904,2016-02-03,VACCINATIONS,05
D5-6820,2016-02-03,VACCINATIONS,05
F1-3022,2016-02-03,VACCINATIONS,05
A0-8561,2016-02-03,VACCINATIONS,05
F3-2098,2016-02-03,VACCINATIONS,05
C9-8216,2016-02-03,VACCINATIONS,05
E0-1548,2016-02-03,VACCINATIONS,05
A3-6462,2016-02-03,VACCINATIONS,05
F3-4260,2016-02-03,VACCINATIONS,05
E9-7775,2016-02-03,VACCINATIONS,05
A0-1401,2016-02-03,VACCINATIONS,05
C1-5203,2016-02-03,VACCINATIONS,05
B1-6150,2016-02-03,VACCINATIONS,05
B7-8246,2016-02-03,VACCINATIONS,05
F4-7043,2016-02-03,VACCINATIONS,05
D7-4201,2016-02-03,VACCINATIONS,05
C5-5165,2016-02-03,VACCINATIONS,05
A7-7991,2016-02-03,VACCINATIONS,05
E4-6373,2016-02-03,VACCINATIONS,05
A1-9112,2016-02-03,VACCINATIONS,05
A9-8945,2016-02-03,VACCINATIONS,05
B1-2523,2016-02-03,VACCINATIONS,05
F5-4982,2016-02-03,VACCINATIONS,05
D0-5056,2016-02-03,VACCINATIONS,05
F1-6576,2016-02-03,VACCINATIONS,05
F7-7614,2016-02-03,VACCINATIONS,05
A7-3727,2016-02-03,VACCINATIONS,05
A1-1194,2016-02-03,VACCINATIONS,05
A2-7760,2016-02-03,VACCINATIONS,05
F1-3836,2016-02-03,VACCINATIONS,05
D1-8781,2016-02-03,VACCINATIONS,03
D9-8287,2016-02-03,VACCINATIONS,04
A9-9449,2016-02-03,GENERAL SURGERIES,07
B5-2832,2016-02-03,GENERAL SURGERIES,09
E3-5361,2016-02-03,OFFICE FEES,01
E1-5919,2016-02-03,GROOMING,01
E5-4359,2016-02-03,GROOMING,03
A7-3673,2016-02-03,GENERAL SURGERIES,019
F1-7260,2016-02-03,GROOMING,03
E9-4456,2016-02-03,GROOMING,03
F3-3517,2016-02-03,GROOMING,03
E3-7139,2016-02-03,GROOMING,03
A6-9716,2016-02-03,GROOMING,01
B2-8637,2016-02-04,ORTHOPEDIC,05
C4-5068,2016-02-04,GENERAL SURGERIES,016
B2-1752,2016-02-04,VACCINATIONS,05
F1-2010,2016-02-04,ORTHOPEDIC,05
D2-5135,2016-02-04,VACCINATIONS,05
F2-9033,2016-02-04,VACCINATIONS,05
B1-2648,2016-02-04,VACCINATIONS,05
E9-9945,2016-02-04,VACCINATIONS,05
D1-7489,2016-02-04,VACCINATIONS,05
C9-7278,2016-02-04,VACCINATIONS,05
F9-8302,2016-02-04,VACCINATIONS,05
B1-1334,2016-02-04,VACCINATIONS,05
B8-6504,2016-02-04,VACCINATIONS,05
C7-2237,2016-02-04,VACCINATIONS,05
E1-5806,2016-02-04,VACCINATIONS,05
F0-3352,2016-02-04,VACCINATIONS,05
E1-8520,2016-02-04,VACCINATIONS,05
A7-4137,2016-02-04,VACCINATIONS,05
C9-4217,2016-02-04,VACCINATIONS,05
F7-7253,2016-02-04,VACCINATIONS,05
D3-2476,2016-02-04,VACCINATIONS,05
B8-8081,2016-02-04,VACCINATIONS,05
A3-5037,2016-02-04,VACCINATIONS,05
A2-2526,2016-02-04,VACCINATIONS,05
D4-9966,2016-02-04,VACCINATIONS,05
D5-4332,2016-02-04,VACCINATIONS,05
S1-2243,2016-02-04,VACCINATIONS,05
F9-5575,2016-02-04,VACCINATIONS,05
F2-5739,2016-02-04,VACCINATIONS,05
F4-7761,2016-02-04,VACCINATIONS,05
A4-9650,2016-02-04,VACCINATIONS,05
D0-2164,2016-02-04,VACCINATIONS,05
E4-3255,2016-02-04,VACCINATIONS,05
E1-8627,2016-02-04,VACCINATIONS,05
D3-2205,2016-02-04,VACCINATIONS,05
E8-2284,2016-02-04,VACCINATIONS,05
A5-3937,2016-02-04,VACCINATIONS,05
C2-5584,2016-02-04,VACCINATIONS,05
A2-7264,2016-02-04,VACCINATIONS,05
E8-9939,2016-02-04,VACCINATIONS,05
F7-8626,2016-02-04,VACCINATIONS,05
B4-9091,2016-02-04,VACCINATIONS,05
B1-2893,2016-02-04,VACCINATIONS,05
A5-2515,2016-02-04,VACCINATIONS,05
F7-2469,2016-02-04,VACCINATIONS,05
D6-7805,2016-02-04,GENERAL SURGERIES,04
B0-6704,2016-02-04,GENERAL SURGERIES,015
B6-7361,2016-02-04,GENERAL SURGERIES,018
E0-2574,2016-02-04,GROOMING,02
B7-5312,2016-02-04,GENERAL SURGERIES,06
B5-5447,2016-02-04,GENERAL SURGERIES,015
D2-3078,2016-02-04,VACCINATIONS,04
C9-7706,2016-02-04,OFFICE FEES,01
F0-3540,2016-02-04,VACCINATIONS,01
F2-6557,2016-02-04,OFFICE FEES,02
C3-7498,2016-02-04,ORTHOPEDIC,06
E8-2444,2016-02-04,GROOMING,03
B2-8208,2016-02-04,GROOMING,03
A0-3807,2016-02-04,GROOMING,03
B5-4607,2016-02-04,GROOMING,03
C0-4733,2016-02-04,GROOMING,01
B6-1117,2016-02-04,GROOMING,01
E8-8843,2016-02-04,GROOMING,01
D9-5725,2016-02-04,GROOMING,01
D2-4100,2016-02-04,GROOMING,01
B4-3006,2016-02-04,GENERAL SURGERIES,03
C4-7151,2016-02-04,GENERAL SURGERIES,03
B9-2793,2016-02-04,GENERAL SURGERIES,03
F5-4982,2016-02-05,VACCINATIONS,05
E3-7139,2016-02-05,VACCINATIONS,05
A6-9716,2016-02-05,VACCINATIONS,05
A2-7760,2016-02-05,VACCINATIONS,05
C8-7144,2016-02-05,VACCINATIONS,05
C2-1689,2016-02-05,VACCINATIONS,05
L8-0046,2016-02-05,VACCINATIONS,05
L4-6292,2016-02-05,VACCINATIONS,05
F0-2939,2016-02-05,VACCINATIONS,05
A0-5525,2016-02-05,VACCINATIONS,05
D9-6225,2016-02-05,VACCINATIONS,05
D8-6334,2016-02-05,VACCINATIONS,05
E5-4359,2016-02-05,VACCINATIONS,05
E5-3942,2016-02-05,VACCINATIONS,05
C5-4916,2016-02-05,VACCINATIONS,05
D2-7195,2016-02-05,VACCINATIONS,05
D4-1708,2016-02-05,VACCINATIONS,05
C2-2838,2016-02-05,VACCINATIONS,05
A7-4137,2016-02-05,OFFICE FEES,02
F7-7857,2016-02-05,ORTHOPEDIC,01
E2-4838,2016-02-05,GROOMING,03
A8-8590,2016-02-05,GROOMING,03
B4-6876,2016-02-05,GROOMING,03
D0-9649,2016-02-05,GROOMING,03
E3-5361,2016-02-05,GROOMING,01
B2-9275,2016-02-05,GENERAL SURGERIES,03
B2-7885,2016-02-05,GENERAL SURGERIES,03
E0-8441,2016-02-06,VACCINATIONS,05
E3-1497,2016-02-06,VACCINATIONS,05
A5-8260,2016-02-06,VACCINATIONS,05
A4-2248,2016-02-07,VACCINATIONS,05
C1-4682,2016-02-07,VACCINATIONS,05
A7-9987,2016-02-08,VACCINATIONS,05
C1-4714,2016-02-08,VACCINATIONS,05
D3-5018,2016-02-08,GENERAL SURGERIES,03
C4-8926,2016-02-09,VACCINATIONS,05
E6-3533,2016-02-09,VACCINATIONS,05
A7-3911,2016-02-09,VACCINATIONS,05
A9-9428,2016-02-09,VACCINATIONS,05
E7-6384,2016-02-09,VACCINATIONS,05
B6-8892,2016-02-09,GROOMING,03
A9-4641,2016-02-10,VACCINATIONS,05
F4-1704,2016-02-10,VACCINATIONS,05
C2-1337,2016-02-10,VACCINATIONS,05
D3-7426,2016-02-10,VACCINATIONS,05
D8-1800,2016-02-10,VACCINATIONS,05
F9-6190,2016-02-11,VACCINATIONS,05
F6-6115,2016-02-11,VACCINATIONS,05
A2-4671,2016-02-11,ORTHOPEDIC,03
D1-9261,2016-02-11,GENERAL SURGERIES,02
E0-2753,2016-02-11,GROOMING,03
C2-6368,2016-02-12,VACCINATIONS,05
A3-2798,2016-02-12,VACCINATIONS,05
F1-7752,2016-02-12,VACCINATIONS,05
F9-9933,2016-02-12,VACCINATIONS,05
D4-5028,2016-02-12,VACCINATIONS,05
D2-2020,2016-02-12,VACCINATIONS,05
B9-3752,2016-02-12,VACCINATIONS,05
E2-2033,2016-02-12,VACCINATIONS,05
E2-7936,2016-02-12,VACCINATIONS,05
E1-6927,2016-02-12,VACCINATIONS,05
F3-9115,2016-02-12,ORTHOPEDIC,09
A3-1183,2016-02-12,GENERAL SURGERIES,01
A0-4733,2016-02-12,VACCINATIONS,06
B3-1168,2016-02-12,HOSPITALIZATION,01
C2-3535,2016-02-12,GENERAL SURGERIES,04
B8-4259,2016-02-12,GROOMING,03
C6-8243,2016-02-12,GROOMING,03
A3-5322,2016-02-12,GROOMING,01
A7-3019,2016-02-12,GROOMING,01
F6-3873,2016-02-13,GROOMING,01
B7-3540,2016-02-13,GENERAL SURGERIES,03
D4-3750,2016-02-14,VACCINATIONS,05
D6-9533,2016-02-14,VACCINATIONS,05
A7-7555,2016-02-14,VACCINATIONS,05
E3-4963,2016-02-14,VACCINATIONS,05
E8-3761,2016-02-14,VACCINATIONS,05
D6-2684,2016-02-14,VACCINATIONS,05
C3-9183,2016-02-14,VACCINATIONS,05
C4-8815,2016-02-14,VACCINATIONS,05
B0-5802,2016-02-14,VACCINATIONS,05
A7-3506,2016-02-14,OFFICE FEES,03
F5-2497,2016-02-14,GROOMING,03
C7-7153,2016-02-14,GENERAL SURGERIES,03
D1-7498,2016-02-15,VACCINATIONS,05
D1-9074,2016-02-15,VACCINATIONS,05
D3-7223,2016-02-15,VACCINATIONS,05
D4-8554,2016-02-15,VACCINATIONS,05
F6-9885,2016-02-15,VACCINATIONS,05
E9-3314,2016-02-15,GENERAL SURGERIES,013
C3-2459,2016-02-15,ORTHOPEDIC,03
E0-8592,2016-02-15,GROOMING,03
E7-8730,2016-02-15,GROOMING,01
F0-6016,2016-02-16,VACCINATIONS,05
C6-3197,2016-02-17,VACCINATIONS,05
F4-4884,2016-02-17,VACCINATIONS,05
A4-9436,2016-02-17,VACCINATIONS,05
A4-7393,2016-02-17,VACCINATIONS,05
D3-4358,2016-02-17,VACCINATIONS,05
E0-7663,2016-02-17,VACCINATIONS,05
B2-1670,2016-02-17,ORTHOPEDIC,05
A5-3457,2016-02-17,ORTHOPEDIC,02
A6-1028,2016-02-17,GROOMING,03
A2-3366,2016-02-18,VACCINATIONS,05
C5-7376,2016-02-19,VACCINATIONS,05
D0-4907,2016-02-19,ORTHOPEDIC,02
D1-6212,2016-02-20,VACCINATIONS,05
E8-5660,2016-02-20,VACCINATIONS,05
D5-8435,2016-02-20,VACCINATIONS,05
B5-1820,2016-02-20,GROOMING,03
A4-5279,2016-02-20,GROOMING,03
B1-1998,2016-02-20,GROOMING,01
C1-9947,2016-02-20,GENERAL SURGERIES,03
C2-3480,2016-02-21,VACCINATIONS,05
E3-6395,2016-02-21,GROOMING,01
A0-1431,2016-02-21,GROOMING,01
C4-5242,2016-02-22,VACCINATIONS,05
E1-4995,2016-02-22,VACCINATIONS,05
C0-7684,2016-02-22,GROOMING,03
D1-9223,2016-02-22,GROOMING,03
D2-8546,2016-02-22,GROOMING,01
E3-6585,2016-02-23,VACCINATIONS,05
B3-8004,2016-02-23,VACCINATIONS,05
F0-7008,2016-02-23,GENERAL SURGERIES,012
B7-9290,2016-02-23,GROOMING,03
C1-9770,2016-02-23,GROOMING,01
E7-3175,2016-02-24,VACCINATIONS,05
B7-6111,2016-02-24,VACCINATIONS,05
A9-9647,2016-02-24,VACCINATIONS,05
D0-5839,2016-02-24,VACCINATIONS,05
B7-4694,2016-02-24,VACCINATIONS,05
C9-7696,2016-02-24,VACCINATIONS,05
C4-3648,2016-02-24,GROOMING,03
A4-6889,2016-02-24,GROOMING,01
B2-8893,2016-02-24,GENERAL SURGERIES,03
C1-5026,2016-02-25,VACCINATIONS,05
D5-1836,2016-02-26,VACCINATIONS,05
F9-9079,2016-02-26,VACCINATIONS,05
E5-7443,2016-02-26,VACCINATIONS,05
D6-9607,2016-02-26,VACCINATIONS,05
F1-8792,2016-02-26,GROOMING,01
D6-2044,2016-02-26,GROOMING,01
C6-7943,2016-02-27,GENERAL SURGERIES,09
E8-3864,2016-02-27,VACCINATIONS,05
F9-3672,2016-02-27,VACCINATIONS,05
A2-1285,2016-02-27,VACCINATIONS,05
A2-4123,2016-02-27,VACCINATIONS,05
D0-5238,2016-02-27,GENERAL SURGERIES,06
B8-9914,2016-02-27,GROOMING,01
C6-7109,2016-02-28,VACCINATIONS,05
B9-5137,2016-02-28,VACCINATIONS,05
B2-9592,2016-02-28,VACCINATIONS,05
A2-9349,2016-02-28,VACCINATIONS,05
B1-3078,2016-02-28,ORTHOPEDIC,04
D5-9432,2016-03-01,VACCINATIONS,05
E3-8987,2016-03-01,GENERAL SURGERIES,07
C1-5255,2016-03-02,VACCINATIONS,05
C9-8635,2016-03-02,VACCINATIONS,05
E4-2239,2016-03-02,GROOMING,03
A7-9530,2016-03-02,GROOMING,01
E6-7676,2016-03-02,GROOMING,01
A9-7776,2016-03-03,VACCINATIONS,05
E0-8798,2016-03-03,VACCINATIONS,05
E3-9315,2016-03-03,VACCINATIONS,05
B3-2375,2016-03-03,VACCINATIONS,05
A6-4499,2016-03-03,VACCINATIONS,05
C7-6206,2016-03-03,VACCINATIONS,05
C7-9572,2016-03-03,VACCINATIONS,05
A2-8934,2016-03-03,VACCINATIONS,05
D6-5047,2016-03-03,VACCINATIONS,05
B3-5840,2016-03-03,VACCINATIONS,05
F9-6669,2016-03-03,VACCINATIONS,05
B1-6048,2016-03-03,VACCINATIONS,05
B4-2626,2016-03-03,VACCINATIONS,02
F0-1841,2016-03-03,GENERAL SURGERIES,014
D1-6080,2016-03-03,GENERAL SURGERIES,03
B0-2336,2016-03-03,GROOMING,03
A7-3368,2016-03-03,GROOMING,01
E9-7875,2016-03-03,GROOMING,01
B8-1051,2016-03-03,GROOMING,01
F3-9665,2016-03-03,GROOMING,01
D8-3259,2016-03-04,VACCINATIONS,05
D1-8748,2016-03-04,VACCINATIONS,05
E2-1113,2016-03-04,GROOMING,01
E8-7338,2016-03-05,GENERAL SURGERIES,019
F0-1803,2016-03-05,VACCINATIONS,05
A4-5058,2016-03-05,VACCINATIONS,05
E6-5708,2016-03-05,VACCINATIONS,05
A9-7145,2016-03-05,VACCINATIONS,05
A2-7664,2016-03-05,VACCINATIONS,05
E9-8974,2016-03-05,OFFICE FEES,02
E4-4188,2016-03-05,VACCINATIONS,05
B4-7162,2016-03-05,GENERAL SURGERIES,08
A4-1709,2016-03-05,GROOMING,01
A5-1898,2016-03-05,GROOMING,01
B4-2952,2016-03-06,VACCINATIONS,01
C0-4090,2016-03-06,VACCINATIONS,05
D8-6722,2016-03-06,VACCINATIONS,05
D7-4919,2016-03-06,VACCINATIONS,05
E0-3260,2016-03-06,VACCINATIONS,02
A4-9499,2016-03-07,VACCINATIONS,05
C7-6854,2016-03-07,VACCINATIONS,05
B6-7104,2016-03-07,GENERAL SURGERIES,017
B1-2533,2016-03-08,VACCINATIONS,05
C6-3389,2016-03-08,VACCINATIONS,05
A6-1691,2016-03-08,VACCINATIONS,05
F8-9618,2016-03-08,VACCINATIONS,05
C7-5415,2016-03-08,VACCINATIONS,05
E9-9541,2016-03-08,VACCINATIONS,05
E2-7226,2016-03-08,VACCINATIONS,05
C2-9073,2016-03-08,VACCINATIONS,06
F1-8420,2016-03-08,GROOMING,03
D0-2638,2016-03-08,GROOMING,03
E8-8745,2016-03-08,GENERAL SURGERIES,03
F7-6031,2016-03-09,VACCINATIONS,05
C3-4567,2016-03-09,VACCINATIONS,05
F7-3734,2016-03-09,VACCINATIONS,05
E9-1952,2016-03-09,GROOMING,01
A3-9779,2016-03-10,VACCINATIONS,05
B2-8885,2016-03-10,VACCINATIONS,05
E6-8656,2016-03-10,VACCINATIONS,05
F5-8086,2016-03-10,VACCINATIONS,05
A8-3007,2016-03-10,VACCINATIONS,05
F8-4592,2016-03-10,VACCINATIONS,05
C4-3911,2016-03-10,VACCINATIONS,05
C9-2990,2016-03-10,VACCINATIONS,05
C8-6467,2016-03-10,VACCINATIONS,05
A4-4835,2016-03-10,VACCINATIONS,05
E1-3828,2016-03-10,VACCINATIONS,05
B2-2557,2016-03-10,VACCINATIONS,05
F2-9685,2016-03-10,VACCINATIONS,05
D1-6758,2016-03-10,VACCINATIONS,05
B7-4192,2016-03-10,VACCINATIONS,05
F4-8195,2016-03-10,VACCINATIONS,05
E6-3149,2016-03-10,VACCINATIONS,05
E8-2043,2016-03-10,VACCINATIONS,05
B2-6359,2016-03-10,ORTHOPEDIC,09
F7-6823,2016-03-10,GENERAL SURGERIES,05
C0-8794,2016-03-10,GENERAL SURGERIES,016
B4-9640,2016-03-10,HOSPITALIZATION,01
F9-7294,2016-03-10,GENERAL SURGERIES,014
E3-5616,2016-03-10,GENERAL SURGERIES,013
C2-3302,2016-03-10,GROOMING,03
A1-5963,2016-03-10,GROOMING,01
E0-5516,2016-03-10,GROOMING,01
D0-5546,2016-03-10,GROOMING,01
E9-3231,2016-03-10,GROOMING,01
A7-1825,2016-03-10,GROOMING,01
F6-2215,2016-03-11,VACCINATIONS,03
E1-8186,2016-03-12,GENERAL SURGERIES,011
F6-8218,2016-03-12,VACCINATIONS,05
B7-2720,2016-03-12,VACCINATIONS,05
C6-7597,2016-03-12,VACCINATIONS,05
B7-9878,2016-03-12,VACCINATIONS,05
D7-4643,2016-03-12,GENERAL SURGERIES,09
F7-8503,2016-03-12,GROOMING,03
C0-3052,2016-03-13,ORTHOPEDIC,04
C4-1508,2016-03-14,GROOMING,01
E5-5442,2016-03-14,GENERAL SURGERIES,03
D2-7311,2016-03-15,VACCINATIONS,05
D2-4992,2016-03-16,VACCINATIONS,05
A3-9874,2016-03-16,GROOMING,03
C1-9531,2016-03-17,ORTHOPEDIC,07
D6-9627,2016-03-17,VACCINATIONS,05
B4-1785,2016-03-17,VACCINATIONS,05
D5-6602,2016-03-17,VACCINATIONS,05
F1-4380,2016-03-17,VACCINATIONS,05
A8-2508,2016-03-17,VACCINATIONS,05
A6-6221,2016-03-17,VACCINATIONS,05
F5-4589,2016-03-17,VACCINATIONS,05
E6-7344,2016-03-17,GROOMING,03
A3-7285,2016-03-18,ORTHOPEDIC,03
B0-2930,2016-03-18,VACCINATIONS,05
E8-3254,2016-03-18,VACCINATIONS,05
D7-9837,2016-03-18,VACCINATIONS,05
D7-6225,2016-03-18,VACCINATIONS,05
D1-1354,2016-03-18,VACCINATIONS,05
C1-3706,2016-03-18,VACCINATIONS,05
X0-8765,2016-03-18,VACCINATIONS,05
B9-4366,2016-03-18,ORTHOPEDIC,05
C6-2794,2016-03-18,GENERAL SURGERIES,015
A3-5254,2016-03-19,VACCINATIONS,05
D4-3029,2016-03-19,VACCINATIONS,05
D7-3283,2016-03-19,VACCINATIONS,05
D5-6056,2016-03-19,VACCINATIONS,05
D2-3331,2016-03-19,VACCINATIONS,05
A6-4632,2016-03-19,VACCINATIONS,05
B9-3509,2016-03-19,VACCINATIONS,05
A8-8385,2016-03-19,VACCINATIONS,05
E9-5128,2016-03-19,GENERAL SURGERIES,05
E1-2059,2016-03-19,GROOMING,01
B4-3712,2016-03-19,GROOMING,01
A8-2857,2016-03-20,VACCINATIONS,05
E9-6048,2016-03-20,GROOMING,03
C2-9695,2016-03-21,VACCINATIONS,05
C3-8581,2016-03-21,VACCINATIONS,05
F5-4688,2016-03-21,GENERAL SURGERIES,08
B2-8456,2016-03-21,GENERAL SURGERIES,02
C9-3239,2016-03-22,VACCINATIONS,05
E8-8203,2016-03-23,VACCINATIONS,05
E9-2241,2016-03-23,VACCINATIONS,05
B0-5593,2016-03-23,VACCINATIONS,05
E7-8541,2016-03-23,VACCINATIONS,05
D3-8928,2016-03-24,VACCINATIONS,05
B0-1278,2016-03-24,GROOMING,01
E6-9450,2016-03-25,VACCINATIONS,05
A3-9420,2016-03-26,GENERAL SURGERIES,016
D7-6538,2016-03-27,GROOMING,03
F7-3023,2016-03-28,GENERAL SURGERIES,018
B0-6022,2016-03-28,VACCINATIONS,05
E6-7455,2016-03-28,VACCINATIONS,05
E1-3210,2016-03-28,VACCINATIONS,05
D3-2503,2016-03-28,VACCINATIONS,05
F7-1464,2016-03-28,VACCINATIONS,05
B5-3330,2016-03-28,VACCINATIONS,05
D3-2365,2016-03-28,VACCINATIONS,05
D6-9676,2016-03-28,VACCINATIONS,05
B4-1641,2016-03-28,VACCINATIONS,05
F0-7168,2016-03-28,VACCINATIONS,05
C4-1498,2016-03-28,VACCINATIONS,05
B2-6917,2016-03-28,GENERAL SURGERIES,01
E3-4254,2016-03-28,GROOMING,03
D1-6636,2016-03-28,GROOMING,03
F0-4848,2016-03-28,GROOMING,03
A1-9318,2016-03-28,GROOMING,01
C5-6385,2016-03-28,GENERAL SURGERIES,03
C5-8648,2016-03-28,GENERAL SURGERIES,03
B6-5946,2016-03-29,VACCINATIONS,05
E8-4074,2016-03-29,VACCINATIONS,05
C6-7811,2016-03-29,GROOMING,03
E6-7371,2016-03-29,GROOMING,03
C4-4367,2016-03-30,VACCINATIONS,05
E6-1657,2016-03-30,GROOMING,03
D6-5549,2016-03-31,VACCINATIONS,05
B4-5805,2016-03-31,VACCINATIONS,05
D1-6433,2016-03-31,GENERAL SURGERIES,09
B5-4140,2016-03-31,GROOMING,03
B0-4477,2016-03-31,GROOMING,03
F8-9840,2016-04-01,VACCINATIONS,05
D2-4654,2016-04-02,VACCINATIONS,05
F1-5049,2016-04-03,VACCINATIONS,05
A6-8426,2016-04-03,VACCINATIONS,05
A3-6495,2016-04-03,GENERAL SURGERIES,03
A1-4582,2016-04-03,GENERAL SURGERIES,07
C5-4011,2016-04-03,GENERAL SURGERIES,08
C5-5352,2016-04-03,ORTHOPEDIC,08
F5-6837,2016-04-03,GENERAL SURGERIES,03
F3-2041,2016-04-04,VACCINATIONS,05
D0-5533,2016-04-05,VACCINATIONS,05
A6-5210,2016-04-06,GENERAL SURGERIES,05
B1-7785,2016-04-06,VACCINATIONS,05
D1-1472,2016-04-06,VACCINATIONS,05
E1-7518,2016-04-06,VACCINATIONS,05
E0-3224,2016-04-06,GROOMING,03
C7-4736,2016-04-07,VACCINATIONS,05
F0-3403,2016-04-07,GROOMING,01
D6-7790,2016-04-07,GROOMING,01
D7-5632,2016-04-08,OFFICE FEES,03
E6-5907,2016-04-08,VACCINATIONS,05
F5-2884,2016-04-08,VACCINATIONS,05
A3-9671,2016-04-08,VACCINATIONS,05
D3-8098,2016-04-08,GENERAL SURGERIES,03
A4-4793,2016-04-09,VACCINATIONS,05
E1-7685,2016-04-09,GENERAL SURGERIES,03
C1-8597,2016-04-10,VACCINATIONS,05
F2-6425,2016-04-11,VACCINATIONS,05
E7-5172,2016-04-11,VACCINATIONS,05
D3-2277,2016-04-11,VACCINATIONS,05
D4-1716,2016-04-12,GROOMING,03
D3-8526,2016-04-12,GROOMING,01
B7-3601,2016-04-12,GROOMING,01
A2-5885,2016-04-12,GENERAL SURGERIES,03
E9-3443,2016-04-13,GENERAL SURGERIES,04
F9-3083,2016-04-13,VACCINATIONS,05
E6-5291,2016-04-13,VACCINATIONS,05
D9-8920,2016-04-13,VACCINATIONS,05
E8-6865,2016-04-13,VACCINATIONS,02
F4-4875,2016-04-13,ORTHOPEDIC,04
A0-2451,2016-04-13,ORTHOPEDIC,06
E7-8493,2016-04-13,GROOMING,03
D1-7417,2016-04-13,GROOMING,01
C4-3408,2016-04-13,GENERAL SURGERIES,03
F7-1023,2016-04-14,VACCINATIONS,05
D2-4296,2016-04-15,VACCINATIONS,05
D1-8305,2016-04-15,VACCINATIONS,05
B2-6387,2016-04-15,ORTHOPEDIC,06
C6-7550,2016-04-15,GROOMING,03
E9-7710,2016-04-16,GROOMING,03
C0-5269,2016-04-16,VACCINATIONS,05
E3-7534,2016-04-16,VACCINATIONS,05
D8-4388,2016-04-16,OFFICE FEES,02
C2-5206,2016-04-17,VACCINATIONS,05
A7-7003,2016-04-17,GENERAL SURGERIES,03
A1-8671,2016-04-18,VACCINATIONS,05
C2-3896,2016-04-18,VACCINATIONS,05
B5-2816,2016-04-18,GENERAL SURGERIES,012
A1-8434,2016-04-18,VACCINATIONS,03
F7-3220,2016-04-18,GROOMING,01
E4-1612,2016-04-18,GENERAL SURGERIES,03
E0-6663,2016-04-19,VACCINATIONS,05
C2-1924,2016-04-20,VACCINATIONS,05
F5-7839,2016-04-21,VACCINATIONS,05
E0-8777,2016-04-21,VACCINATIONS,05
C5-6902,2016-04-21,VACCINATIONS,05
D0-6180,2016-04-21,VACCINATIONS,05
F1-8270,2016-04-21,VACCINATIONS,05
A0-8265,2016-04-21,VACCINATIONS,05
B0-9880,2016-04-21,VACCINATIONS,05
B6-6570,2016-04-21,VACCINATIONS,05
F3-8731,2016-04-21,VACCINATIONS,05
F1-5334,2016-04-21,GENERAL SURGERIES,05
D1-9737,2016-04-21,GENERAL SURGERIES,03
A1-3013,2016-04-21,GROOMING,03
A1-9137,2016-04-21,GROOMING,03
C3-4713,2016-04-21,GROOMING,03
B1-4228,2016-04-21,GROOMING,01
A8-6049,2016-04-21,GENERAL SURGERIES,03
C3-3960,2016-04-22,VACCINATIONS,05
C8-8500,2016-04-22,VACCINATIONS,05
D7-5675,2016-04-22,VACCINATIONS,05
C0-4991,2016-04-22,VACCINATIONS,05
B4-9052,2016-04-22,VACCINATIONS,05
B8-8675,2016-04-22,VACCINATIONS,05
E0-1683,2016-04-22,VACCINATIONS,05
C3-5600,2016-04-22,VACCINATIONS,05
F8-6584,2016-04-22,VACCINATIONS,05
B4-2867,2016-04-22,VACCINATIONS,05
C3-9378,2016-04-22,ORTHOPEDIC,09
B3-5602,2016-04-22,ORTHOPEDIC,01
C6-6156,2016-04-22,GROOMING,03
F0-9964,2016-04-22,GENERAL SURGERIES,03
F2-7936,2016-04-23,VACCINATIONS,05
F2-9012,2016-04-24,GENERAL SURGERIES,07
C6-4745,2016-04-24,VACCINATIONS,05
A3-8186,2016-04-24,VACCINATIONS,05
B3-5004,2016-04-24,VACCINATIONS,05
D2-5733,2016-04-24,VACCINATIONS,05
D4-9252,2016-04-24,VACCINATIONS,05
B3-3944,2016-04-24,VACCINATIONS,05
E2-3339,2016-04-24,VACCINATIONS,05
C4-4133,2016-04-24,VACCINATIONS,05
B8-8512,2016-04-24,OFFICE FEES,01
E1-6562,2016-04-24,GROOMING,03
D0-6552,2016-04-24,GROOMING,01
D2-2745,2016-04-25,VACCINATIONS,05
E5-6695,2016-04-25,VACCINATIONS,05
B7-3339,2016-04-25,VACCINATIONS,05
F5-1064,2016-04-25,VACCINATIONS,05
F4-7604,2016-04-25,GROOMING,01
F6-5223,2016-04-25,GROOMING,01
C7-9881,2016-04-26,VACCINATIONS,05
A2-4973,2016-04-26,VACCINATIONS,05
E2-7949,2016-04-27,GROOMING,03
D7-2846,2016-04-27,GROOMING,01
C9-8024,2016-04-28,GENERAL SURGERIES,02
E7-7110,2016-04-28,GENERAL SURGERIES,016
D1-6425,2016-04-29,GROOMING,01
F2-3197,2016-04-30,VACCINATIONS,05
B5-5790,2016-04-30,VACCINATIONS,05
F3-3466,2016-04-30,VACCINATIONS,05
D3-7579,2016-04-30,GENERAL SURGERIES,010
F1-7459,2016-04-30,GROOMING,01
E1-6258,2016-05-01,GENERAL SURGERIES,03
F7-8439,2016-05-01,VACCINATIONS,05
F4-5144,2016-05-01,VACCINATIONS,05
C3-4396,2016-05-01,VACCINATIONS,05
D6-3496,2016-05-01,VACCINATIONS,05
F0-4994,2016-05-01,VACCINATIONS,05
A3-6376,2016-05-01,VACCINATIONS,05
A1-1742,2016-05-01,VACCINATIONS,05
D3-9134,2016-05-01,VACCINATIONS,05
A9-2074,2016-05-01,VACCINATIONS,01
D3-4634,2016-05-01,GROOMING,03
B8-7786,2016-05-01,GROOMING,01
A7-2523,2016-05-01,GROOMING,01
D1-2539,2016-05-01,GENERAL SURGERIES,03
E5-3122,2016-05-02,VACCINATIONS,05
B7-4774,2016-05-02,VACCINATIONS,05
F5-1447,2016-05-02,VACCINATIONS,05
D7-3030,2016-05-02,ORTHOPEDIC,07
D4-8061,2016-05-02,GROOMING,03
F8-4837,2016-05-02,GROOMING,01
A9-3070,2016-05-02,GENERAL SURGERIES,03
E6-1780,2016-05-03,GENERAL SURGERIES,011
C5-8352,2016-05-03,GROOMING,01
E8-7263,2016-05-04,VACCINATIONS,03
C2-4785,2016-05-04,GENERAL SURGERIES,015
F5-5248,2016-05-04,VACCINATIONS,05
B5-5254,2016-05-04,VACCINATIONS,05
C2-6230,2016-05-04,VACCINATIONS,05
A0-8253,2016-05-04,VACCINATIONS,05
D7-3760,2016-05-04,VACCINATIONS,05
C9-6165,2016-05-04,VACCINATIONS,05
B7-4958,2016-05-04,VACCINATIONS,05
E3-4426,2016-05-04,VACCINATIONS,05
F4-3913,2016-05-04,VACCINATIONS,05
J8-7429,2016-05-04,VACCINATIONS,05
C5-9190,2016-05-04,VACCINATIONS,05
A9-1684,2016-05-04,GENERAL SURGERIES,09
E6-7012,2016-05-04,GENERAL SURGERIES,02
C0-8177,2016-05-04,GROOMING,03
F8-3070,2016-05-04,GROOMING,01
F8-8355,2016-05-04,GENERAL SURGERIES,03
E3-2957,2016-05-05,VACCINATIONS,05
B0-5062,2016-05-05,VACCINATIONS,05
A0-8054,2016-05-05,ORTHOPEDIC,07
F5-3221,2016-05-05,GENERAL SURGERIES,05
F0-6673,2016-05-06,VACCINATIONS,05
C6-8837,2016-05-06,VACCINATIONS,05
D9-6902,2016-05-06,GROOMING,01
B2-9330,2016-05-06,GROOMING,01
D5-2771,2016-05-07,VACCINATIONS,05
B3-9518,2016-05-07,VACCINATIONS,05
C9-1880,2016-05-07,VACCINATIONS,05
A9-1889,2016-05-07,VACCINATIONS,05
B7-8147,2016-05-07,VACCINATIONS,05
A5-6350,2016-05-07,VACCINATIONS,05
F2-9640,2016-05-07,VACCINATIONS,05
D3-4833,2016-05-07,VACCINATIONS,05
D2-4021,2016-05-07,GENERAL SURGERIES,010
B1-5023,2016-05-07,OFFICE FEES,03
F5-5166,2016-05-07,GENERAL SURGERIES,03
F8-6837,2016-05-08,VACCINATIONS,05
F4-3527,2016-05-08,VACCINATIONS,05
C1-1225,2016-05-08,VACCINATIONS,05
A5-2936,2016-05-08,VACCINATIONS,05
A2-4752,2016-05-08,VACCINATIONS,05
D7-8521,2016-05-08,VACCINATIONS,05
E9-5103,2016-05-08,VACCINATIONS,05
F0-5461,2016-05-08,VACCINATIONS,05
E6-5071,2016-05-08,VACCINATIONS,05
B5-3524,2016-05-08,VACCINATIONS,05
B3-8856,2016-05-08,VACCINATIONS,05
C2-1585,2016-05-08,VACCINATIONS,05
C2-6725,2016-05-08,VACCINATIONS,05
E6-5903,2016-05-08,VACCINATIONS,05
J8-7429,2016-05-08,VACCINATIONS,05
E1-5634,2016-05-08,VACCINATIONS,05
A2-7915,2016-05-08,VACCINATIONS,05
B2-3135,2016-05-08,VACCINATIONS,05
A6-4349,2016-05-08,ORTHOPEDIC,08
B2-8858,2016-05-08,VACCINATIONS,02
Q9-1565,2016-05-08,GROOMING,03
D3-2809,2016-05-08,GROOMING,03
D3-9324,2016-05-08,GROOMING,01
D5-5195,2016-05-09,VACCINATIONS,05
D9-8847,2016-05-09,VACCINATIONS,05
D6-1121,2016-05-09,VACCINATIONS,05
F6-2414,2016-05-09,VACCINATIONS,05
F5-4822,2016-05-10,VACCINATIONS,05
B5-5174,2016-05-10,VACCINATIONS,05
A4-1125,2016-05-10,VACCINATIONS,05
A3-9009,2016-05-10,VACCINATIONS,05
C2-3404,2016-05-10,VACCINATIONS,05
B2-5852,2016-05-11,GENERAL SURGERIES,03
F3-6068,2016-05-12,VACCINATIONS,05
B0-1919,2016-05-12,VACCINATIONS,05
B9-3345,2016-05-12,VACCINATIONS,05
E8-3779,2016-05-12,VACCINATIONS,05
B3-4802,2016-05-12,VACCINATIONS,05
F5-2914,2016-05-12,VACCINATIONS,05
B2-6363,2016-05-12,VACCINATIONS,05
E1-2057,2016-05-12,VACCINATIONS,05
C4-7963,2016-05-12,VACCINATIONS,05
B5-6264,2016-05-12,VACCINATIONS,05
D8-6253,2016-05-12,VACCINATIONS,05
E7-4589,2016-05-12,VACCINATIONS,05
B8-5856,2016-05-12,VACCINATIONS,05
B2-2505,2016-05-12,ORTHOPEDIC,08
F4-2747,2016-05-12,GROOMING,03
F6-2828,2016-05-12,GROOMING,03
C5-2046,2016-05-12,GROOMING,01
E8-6168,2016-05-12,GROOMING,01
D8-7734,2016-05-13,GENERAL SURGERIES,012
E7-1431,2016-05-14,VACCINATIONS,05
F9-6558,2016-05-14,VACCINATIONS,05
A4-6543,2016-05-14,VACCINATIONS,05
B1-3302,2016-05-14,ORTHOPEDIC,01
C8-3402,2016-05-14,GROOMING,03
E5-9793,2016-05-14,GROOMING,03
B7-1707,2016-05-15,VACCINATIONS,05
B2-5302,2016-05-15,VACCINATIONS,05
F0-5154,2016-05-15,VACCINATIONS,05
B6-7331,2016-05-15,VACCINATIONS,05
E5-1136,2016-05-15,VACCINATIONS,05
B0-1797,2016-05-15,GENERAL SURGERIES,015
C8-9662,2016-05-15,ORTHOPEDIC,08
B1-7849,2016-05-15,VACCINATIONS,06
F1-9976,2016-05-15,GROOMING,03
A9-9826,2016-05-15,GROOMING,03
C6-8897,2016-05-15,GROOMING,01
C6-8153,2016-05-16,OFFICE FEES,01
F6-9353,2016-05-16,GENERAL SURGERIES,03
A4-4527,2016-05-17,VACCINATIONS,05
B8-2297,2016-05-17,VACCINATIONS,05
C3-6700,2016-05-17,VACCINATIONS,05
D0-1850,2016-05-17,GROOMING,03
D5-7518,2016-05-18,VACCINATIONS,03
A4-1324,2016-05-18,VACCINATIONS,05
B1-2572,2016-05-18,VACCINATIONS,02
D7-6578,2016-05-19,VACCINATIONS,05
F1-8811,2016-05-19,VACCINATIONS,05
E4-2289,2016-05-19,VACCINATIONS,05
A4-3998,2016-05-20,GROOMING,03
F1-2678,2016-05-20,GENERAL SURGERIES,03
A2-4525,2016-05-21,VACCINATIONS,05
B4-3651,2016-05-21,VACCINATIONS,05
C0-8640,2016-05-21,GROOMING,01
E4-4593,2016-05-21,GROOMING,01
D4-7688,2016-05-22,VACCINATIONS,05
A2-4018,2016-05-22,VACCINATIONS,05
D7-9694,2016-05-22,VACCINATIONS,05
F5-7814,2016-05-22,GENERAL SURGERIES,05
A9-7981,2016-05-22,GENERAL SURGERIES,016
B3-3455,2016-05-22,OFFICE FEES,02
E9-8534,2016-05-22,GROOMING,03
E8-1695,2016-05-22,GROOMING,03
C3-4274,2016-05-22,GROOMING,03
F0-1142,2016-05-23,VACCINATIONS,05
F7-2753,2016-05-24,VACCINATIONS,03
D4-6518,2016-05-24,VACCINATIONS,05
B2-1756,2016-05-24,VACCINATIONS,05
B6-8490,2016-05-24,VACCINATIONS,05
A6-4173,2016-05-24,VACCINATIONS,05
F4-7182,2016-05-24,VACCINATIONS,05
C0-5391,2016-05-24,VACCINATIONS,05
D0-2027,2016-05-24,VACCINATIONS,05
D2-4296,2016-05-24,VACCINATIONS,05
F5-8305,2016-05-24,VACCINATIONS,05
D5-6305,2016-05-24,VACCINATIONS,05
F1-9992,2016-05-24,GENERAL SURGERIES,017
F3-9046,2016-05-24,GROOMING,01
E6-4617,2016-05-24,GROOMING,01
F3-9662,2016-05-24,GENERAL SURGERIES,03
B3-9359,2016-05-25,VACCINATIONS,02
E4-3951,2016-05-25,VACCINATIONS,05
A1-2515,2016-05-25,VACCINATIONS,05
D7-8583,2016-05-25,VACCINATIONS,05
A9-3948,2016-05-25,VACCINATIONS,05
D4-6205,2016-05-25,GENERAL SURGERIES,09
E1-7954,2016-05-25,GROOMING,03
B9-7867,2016-05-25,GROOMING,03
E6-1436,2016-05-25,GROOMING,03
B4-9432,2016-05-26,GENERAL SURGERIES,010
D4-4816,2016-05-26,VACCINATIONS,05
B7-4874,2016-05-26,GENERAL SURGERIES,013
F9-2386,2016-05-27,VACCINATIONS,05
E0-3854,2016-05-27,ORTHOPEDIC,09
E3-9567,2016-05-27,GENERAL SURGERIES,010
E3-6883,2016-05-28,GENERAL SURGERIES,018
F7-9566,2016-05-28,VACCINATIONS,01
F8-8029,2016-05-28,VACCINATIONS,06
C0-9996,2016-05-28,VACCINATIONS,05
C8-2099,2016-05-28,VACCINATIONS,05
F5-1753,2016-05-28,VACCINATIONS,05
E0-4185,2016-05-28,VACCINATIONS,05
E3-7215,2016-05-28,VACCINATIONS,05
A4-8612,2016-05-28,VACCINATIONS,05
A6-8842,2016-05-28,VACCINATIONS,05
E1-4076,2016-05-28,VACCINATIONS,05
C1-5284,2016-05-28,VACCINATIONS,05
C7-4825,2016-05-28,VACCINATIONS,05
I2-7926,2016-05-28,VACCINATIONS,05
C2-7140,2016-05-28,GENERAL SURGERIES,011
D3-8237,2016-05-28,ORTHOPEDIC,02
B9-6655,2016-05-28,VACCINATIONS,01
D2-1260,2016-05-28,ORTHOPEDIC,02
A8-8227,2016-05-28,GENERAL SURGERIES,04
A8-4994,2016-05-28,GROOMING,02
B8-3067,2016-05-28,VACCINATIONS,01
D9-4760,2016-05-28,GENERAL SURGERIES,011
E9-2709,2016-05-28,GROOMING,03
B0-1249,2016-05-28,GROOMING,01
B6-8558,2016-05-28,GROOMING,01
D6-2047,2016-05-29,VACCINATIONS,06
D3-7985,2016-05-29,VACCINATIONS,05
A0-1927,2016-05-29,VACCINATIONS,05
C2-1597,2016-05-30,VACCINATIONS,05
E8-5117,2016-05-30,VACCINATIONS,05
D8-7548,2016-05-30,VACCINATIONS,05
C2-5453,2016-05-30,VACCINATIONS,05
F8-8687,2016-05-30,VACCINATIONS,05
B3-8994,2016-05-30,VACCINATIONS,05
B0-1425,2016-05-30,VACCINATIONS,05
C0-9148,2016-05-30,VACCINATIONS,05
A4-7573,2016-05-30,VACCINATIONS,05
F3-2550,2016-05-30,GROOMING,01
B3-1132,2016-05-31,GROOMING,01
C8-9047,2016-06-01,VACCINATIONS,05
A9-1115,2016-06-01,VACCINATIONS,05
F1-9847,2016-06-01,GENERAL SURGERIES,017
D4-2292,2016-06-01,GROOMING,03
F0-3289,2016-06-01,GROOMING,01
F4-4066,2016-06-01,GENERAL SURGERIES,03
B6-1570,2016-06-02,VACCINATIONS,05
E5-8537,2016-06-02,VACCINATIONS,05
F5-9102,2016-06-02,VACCINATIONS,05
A4-6761,2016-06-02,VACCINATIONS,05
B5-1222,2016-06-02,VACCINATIONS,05
E7-3466,2016-06-02,VACCINATIONS,05
A3-3891,2016-06-02,VACCINATIONS,05
E5-4560,2016-06-02,VACCINATIONS,05
F5-9656,2016-06-02,VACCINATIONS,05
C0-6718,2016-06-02,VACCINATIONS,05
E2-6260,2016-06-02,VACCINATIONS,05
D3-3780,2016-06-02,VACCINATIONS,05
A6-6932,2016-06-02,VACCINATIONS,05
D9-5250,2016-06-02,ORTHOPEDIC,07
B4-5147,2016-06-02,ORTHOPEDIC,04
D9-9581,2016-06-02,VACCINATIONS,06
E8-8170,2016-06-02,GROOMING,03
C7-9471,2016-06-02,GROOMING,01
A9-8137,2016-06-02,GENERAL SURGERIES,03
F0-8583,2016-06-03,VACCINATIONS,05
D4-3826,2016-06-04,VACCINATIONS,05
E0-4656,2016-06-04,VACCINATIONS,05
J8-7429,2016-06-04,VACCINATIONS,05
F9-8058,2016-06-04,VACCINATIONS,05
D4-4081,2016-06-04,ORTHOPEDIC,06
B0-4128,2016-06-04,GROOMING,01
A5-5050,2016-06-05,VACCINATIONS,05
F3-1154,2016-06-06,VACCINATIONS,05
B6-9113,2016-06-06,VACCINATIONS,05
F2-3491,2016-06-07,ORTHOPEDIC,03
A8-3029,2016-06-07,GROOMING,01
D4-8542,2016-06-08,VACCINATIONS,05
B3-4730,2016-06-08,VACCINATIONS,05
C9-6195,2016-06-08,GENERAL SURGERIES,01
B4-7225,2016-06-08,VACCINATIONS,03
E7-9939,2016-06-08,GROOMING,01
E6-8781,2016-06-09,VACCINATIONS,05
B4-2893,2016-06-10,GENERAL SURGERIES,012
E9-4587,2016-06-10,VACCINATIONS,05
F4-3311,2016-06-10,VACCINATIONS,05
D3-7958,2016-06-10,GROOMING,03
D2-2355,2016-06-11,VACCINATIONS,05
C1-9373,2016-06-11,GENERAL SURGERIES,011
E5-1832,2016-06-11,GROOMING,01
B0-8692,2016-06-12,VACCINATIONS,05
D5-4709,2016-06-12,VACCINATIONS,05
E3-2354,2016-06-13,GROOMING,01
B9-6544,2016-06-13,GROOMING,01
F3-3894,2016-06-14,VACCINATIONS,05
A5-1376,2016-06-14,VACCINATIONS,05
B3-1256,2016-06-14,ORTHOPEDIC,08
E8-5291,2016-06-15,VACCINATIONS,05
B1-4943,2016-06-15,VACCINATIONS,05
B9-5703,2016-06-15,VACCINATIONS,04
C1-9898,2016-06-16,VACCINATIONS,05
A8-3963,2016-06-16,VACCINATIONS,05
B7-8649,2016-06-17,VACCINATIONS,05
E0-7252,2016-06-17,VACCINATIONS,05
A1-5144,2016-06-17,GENERAL SURGERIES,02
A8-3907,2016-06-17,GROOMING,03
F5-1252,2016-06-17,GROOMING,01
E7-4333,2016-06-18,GROOMING,03
F9-5284,2016-06-18,GROOMING,01
F1-8667,2016-06-19,GENERAL SURGERIES,02
E7-8191,2016-06-19,GROOMING,03
B0-2697,2016-06-20,VACCINATIONS,05
E1-4479,2016-06-20,VACCINATIONS,05
B7-3937,2016-06-20,GROOMING,03
B4-2724,2016-06-20,GROOMING,01
D2-4048,2016-06-21,VACCINATIONS,05
D3-7581,2016-06-21,VACCINATIONS,05
E4-6039,2016-06-21,VACCINATIONS,05
D4-8727,2016-06-21,ORTHOPEDIC,03
D2-8487,2016-06-21,GROOMING,01
C9-6675,2016-06-22,VACCINATIONS,05
E7-7457,2016-06-22,OFFICE FEES,01
D8-3261,2016-06-23,VACCINATIONS,05
A3-8792,2016-06-23,VACCINATIONS,05
D2-9268,2016-06-23,VACCINATIONS,05
F8-4845,2016-06-23,VACCINATIONS,05
C5-6222,2016-06-23,VACCINATIONS,05
A1-3585,2016-06-23,GENERAL SURGERIES,07
E2-5304,2016-06-23,GROOMING,03
E4-5302,2016-06-23,GROOMING,01
F8-1254,2016-06-24,VACCINATIONS,05
A1-9198,2016-06-24,ORTHOPEDIC,06
C9-3874,2016-06-25,OFFICE FEES,02
C3-3147,2016-06-25,GENERAL SURGERIES,011
D1-8290,2016-06-25,VACCINATIONS,05
B0-2697,2016-06-25,VACCINATIONS,05
E6-8421,2016-06-25,VACCINATIONS,05
F1-7512,2016-06-25,VACCINATIONS,05
F1-1425,2016-06-25,VACCINATIONS,05
C0-9505,2016-06-25,VACCINATIONS,05
E6-2359,2016-06-25,VACCINATIONS,05
D8-1377,2016-06-25,VACCINATIONS,05
B5-8753,2016-06-25,VACCINATIONS,05
E9-9341,2016-06-25,VACCINATIONS,04
F8-9816,2016-06-25,VACCINATIONS,05
B2-7265,2016-06-25,GENERAL SURGERIES,011
B3-5022,2016-06-25,GROOMING,03
A2-2279,2016-06-26,VACCINATIONS,05
A2-9515,2016-06-26,VACCINATIONS,05
C8-1890,2016-06-26,VACCINATIONS,05
F8-2527,2016-06-26,VACCINATIONS,05
A7-8182,2016-06-26,VACCINATIONS,05
C2-8631,2016-06-26,VACCINATIONS,05
F7-1817,2016-06-26,GENERAL SURGERIES,06
A6-4850,2016-06-26,GENERAL SURGERIES,017
E5-2980,2016-06-26,GROOMING,03
F6-4371,2016-06-26,GROOMING,03
C7-8225,2016-06-26,GROOMING,01
E5-9312,2016-06-26,GROOMING,01
A8-7279,2016-06-27,ORTHOPEDIC,04
A7-2880,2016-06-27,VACCINATIONS,05
C4-4722,2016-06-27,VACCINATIONS,05
C1-3461,2016-06-27,VACCINATIONS,05
B9-7765,2016-06-27,VACCINATIONS,05
C8-4279,2016-06-27,GENERAL SURGERIES,04
E3-4617,2016-06-27,GENERAL SURGERIES,011
F8-3242,2016-06-27,GROOMING,01
B3-1343,2016-06-28,VACCINATIONS,05
F1-9228,2016-06-28,GENERAL SURGERIES,05
A6-6493,2016-06-28,GROOMING,01
D9-5377,2016-06-29,VACCINATIONS,05
D4-2630,2016-06-29,VACCINATIONS,05
B0-7215,2016-06-29,VACCINATIONS,05
A8-1260,2016-06-29,VACCINATIONS,05
E4-6366,2016-06-29,VACCINATIONS,05
B6-3244,2016-06-29,VACCINATIONS,05
E5-9204,2016-06-29,GROOMING,01
E7-9206,2016-06-29,GROOMING,01
C7-9488,2016-06-29,GROOMING,01
F7-3470,2016-06-29,GENERAL SURGERIES,03
A9-5040,2016-06-29,GENERAL SURGERIES,03
B8-1176,2016-06-30,VACCINATIONS,05
C6-7815,2016-06-30,VACCINATIONS,05
C0-9394,2016-06-30,VACCINATIONS,05
A0-7986,2016-06-30,VACCINATIONS,05
D3-5031,2016-06-30,GROOMING,03
F5-4635,2016-06-30,GROOMING,03
D7-8535,2016-07-01,VACCINATIONS,05
E1-1390,2016-07-01,VACCINATIONS,05
A5-2797,2016-07-01,VACCINATIONS,05
E7-9326,2016-07-01,VACCINATIONS,05
F5-6021,2016-07-01,VACCINATIONS,05
C8-1081,2016-07-01,VACCINATIONS,05
B8-4896,2016-07-01,VACCINATIONS,05
A8-7813,2016-07-01,GENERAL SURGERIES,014
E5-1619,2016-07-01,GROOMING,03
B2-4126,2016-07-01,GROOMING,03
F3-1138,2016-07-01,GROOMING,01
C5-8944,2016-07-01,GROOMING,01
D4-2948,2016-07-01,GROOMING,01
F7-2770,2016-07-02,VACCINATIONS,05
F6-8940,2016-07-02,VACCINATIONS,05
F1-5749,2016-07-02,VACCINATIONS,05
C2-5350,2016-07-02,VACCINATIONS,05
B0-6743,2016-07-02,VACCINATIONS,05
B2-9303,2016-07-02,VACCINATIONS,05
D0-1761,2016-07-02,GROOMING,03
F1-6850,2016-07-03,GENERAL SURGERIES,010
A3-5576,2016-07-04,VACCINATIONS,04
D0-5353,2016-07-04,VACCINATIONS,05
D8-2403,2016-07-04,VACCINATIONS,05
E5-5800,2016-07-04,VACCINATIONS,05
A2-2813,2016-07-04,VACCINATIONS,05
A0-5729,2016-07-04,VACCINATIONS,05
F9-5469,2016-07-04,VACCINATIONS,05
D4-2351,2016-07-04,VACCINATIONS,05
A6-5981,2016-07-04,VACCINATIONS,05
E7-1326,2016-07-04,VACCINATIONS,02
B6-9468,2016-07-04,GROOMING,03
C3-6757,2016-07-04,GENERAL SURGERIES,03
D6-2844,2016-07-05,VACCINATIONS,05
E2-4797,2016-07-05,VACCINATIONS,05
B3-5128,2016-07-05,VACCINATIONS,05
E1-2250,2016-07-05,VACCINATIONS,05
C3-1719,2016-07-05,VACCINATIONS,05
B1-4949,2016-07-05,VACCINATIONS,05
A3-5826,2016-07-06,GENERAL SURGERIES,012
D5-3947,2016-07-06,GENERAL SURGERIES,04
F7-6955,2016-07-06,GENERAL SURGERIES,09
A4-7122,2016-07-06,VACCINATIONS,05
D2-9418,2016-07-06,VACCINATIONS,05
D4-6670,2016-07-06,VACCINATIONS,05
E8-8672,2016-07-06,VACCINATIONS,05
B3-7527,2016-07-06,VACCINATIONS,05
E7-5558,2016-07-06,VACCINATIONS,05
C6-4089,2016-07-06,VACCINATIONS,05
B2-9980,2016-07-06,VACCINATIONS,05
C2-4131,2016-07-06,VACCINATIONS,05
D2-6593,2016-07-06,VACCINATIONS,05
C4-4006,2016-07-06,VACCINATIONS,05
D4-8918,2016-07-06,VACCINATIONS,05
E8-3958,2016-07-06,VACCINATIONS,05
C3-8086,2016-07-06,VACCINATIONS,05
A9-7499,2016-07-06,VACCINATIONS,05
B9-9651,2016-07-06,VACCINATIONS,05
C2-9332,2016-07-06,VACCINATIONS,05
B2-2963,2016-07-06,GENERAL SURGERIES,09
B5-4810,2016-07-06,GROOMING,01
P0-1725,2016-07-06,GROOMING,03
E7-7808,2016-07-06,GROOMING,03
C4-1805,2016-07-06,GROOMING,03
F9-8485,2016-07-06,GROOMING,03
F3-5833,2016-07-06,GENERAL SURGERIES,03
E6-8982,2016-07-07,VACCINATIONS,05
F1-6182,2016-07-07,VACCINATIONS,05
F4-3867,2016-07-08,VACCINATIONS,05
D1-4353,2016-07-08,VACCINATIONS,05
C8-2018,2016-07-09,VACCINATIONS,05
E6-2274,2016-07-09,VACCINATIONS,05
D3-8244,2016-07-10,VACCINATIONS,05
A7-4141,2016-07-10,VACCINATIONS,05
E1-2275,2016-07-10,VACCINATIONS,05
B1-9433,2016-07-10,VACCINATIONS,05
A6-9219,2016-07-10,VACCINATIONS,05
U8-6473,2016-07-10,VACCINATIONS,05
A2-4688,2016-07-10,VACCINATIONS,05
A2-4182,2016-07-10,ORTHOPEDIC,06
B8-6123,2016-07-10,GENERAL SURGERIES,013
C2-2836,2016-07-10,GENERAL SURGERIES,05
C2-4444,2016-07-10,GROOMING,03
E6-6413,2016-07-10,GROOMING,01
E7-8027,2016-07-11,VACCINATIONS,05
B2-2439,2016-07-11,VACCINATIONS,05
B1-2499,2016-07-11,VACCINATIONS,05
F5-4551,2016-07-11,VACCINATIONS,05
A2-7773,2016-07-11,GENERAL SURGERIES,03
D9-3306,2016-07-11,GENERAL SURGERIES,017
C0-4711,2016-07-12,VACCINATIONS,05
B4-8320,2016-07-12,VACCINATIONS,05
A9-8664,2016-07-12,GROOMING,03
B1-9159,2016-07-12,GROOMING,03
E7-3386,2016-07-12,GROOMING,01
B7-7089,2016-07-13,VACCINATIONS,05
D7-8683,2016-07-13,VACCINATIONS,05
D2-3360,2016-07-13,VACCINATIONS,05
D5-3708,2016-07-13,VACCINATIONS,05
D1-5390,2016-07-13,VACCINATIONS,05
F8-2402,2016-07-13,GROOMING,03
F8-6720,2016-07-13,GROOMING,01
F2-7294,2016-07-13,GROOMING,01
D0-1318,2016-07-14,VACCINATIONS,05
B2-9193,2016-07-15,VACCINATIONS,05
D2-3629,2016-07-15,VACCINATIONS,05
F9-5271,2016-07-15,VACCINATIONS,05
D9-6134,2016-07-15,GROOMING,03
F6-2293,2016-07-15,GROOMING,03
E2-3917,2016-07-15,GROOMING,03
C6-5746,2016-07-15,GROOMING,01
C2-3146,2016-07-16,GENERAL SURGERIES,016
A6-2236,2016-07-16,VACCINATIONS,05
D3-9075,2016-07-16,VACCINATIONS,05
B8-8090,2016-07-16,VACCINATIONS,05
E7-3970,2016-07-16,VACCINATIONS,05
D2-8947,2016-07-16,VACCINATIONS,05
D0-2550,2016-07-16,VACCINATIONS,05
B3-5990,2016-07-16,VACCINATIONS,05
B9-1716,2016-07-16,VACCINATIONS,05
F8-3580,2016-07-16,VACCINATIONS,05
D1-6236,2016-07-16,VACCINATIONS,05
A1-6951,2016-07-16,VACCINATIONS,05
A8-2106,2016-07-16,VACCINATIONS,05
C4-3496,2016-07-16,ORTHOPEDIC,01
C9-7269,2016-07-16,GENERAL SURGERIES,010
F6-6951,2016-07-16,GENERAL SURGERIES,018
F5-9974,2016-07-16,GROOMING,03
D5-1239,2016-07-16,GROOMING,03
C3-8703,2016-07-16,GENERAL SURGERIES,03
E3-4814,2016-07-17,VACCINATIONS,05
D8-7380,2016-07-17,VACCINATIONS,05
A0-4263,2016-07-17,VACCINATIONS,05
A7-3553,2016-07-17,VACCINATIONS,05
F5-1488,2016-07-17,GROOMING,02
C5-2889,2016-07-17,HOSPITALIZATION,01
C0-8597,2016-07-17,GROOMING,01
F6-4607,2016-07-18,VACCINATIONS,05
A9-8136,2016-07-18,VACCINATIONS,05
E1-6058,2016-07-18,VACCINATIONS,05
F6-9376,2016-07-18,VACCINATIONS,05
B4-8760,2016-07-18,VACCINATIONS,05
B3-7884,2016-07-18,GROOMING,01
F1-2589,2016-07-18,GROOMING,01
F4-9538,2016-07-18,GROOMING,01
E4-1115,2016-07-19,VACCINATIONS,05
A7-9765,2016-07-20,VACCINATIONS,01
B7-6445,2016-07-20,VACCINATIONS,05
F5-3974,2016-07-20,VACCINATIONS,05
B2-2656,2016-07-20,VACCINATIONS,05
A5-2835,2016-07-20,VACCINATIONS,05
F9-4005,2016-07-20,ORTHOPEDIC,07
C2-8547,2016-07-20,GROOMING,01
E2-2327,2016-07-21,VACCINATIONS,05
B1-5137,2016-07-21,VACCINATIONS,05
C5-2857,2016-07-21,VACCINATIONS,05
B0-9086,2016-07-21,VACCINATIONS,05
A7-9856,2016-07-21,VACCINATIONS,05
D9-1591,2016-07-21,VACCINATIONS,05
A8-8261,2016-07-21,VACCINATIONS,05
C9-8078,2016-07-21,VACCINATIONS,05
B9-2544,2016-07-21,VACCINATIONS,05
F6-3942,2016-07-21,VACCINATIONS,05
C8-1057,2016-07-21,VACCINATIONS,05
F9-6649,2016-07-21,VACCINATIONS,05
B0-2065,2016-07-21,ORTHOPEDIC,08
B8-8542,2016-07-21,VACCINATIONS,04
B5-5100,2016-07-21,ORTHOPEDIC,09
B6-7141,2016-07-21,GROOMING,03
D7-1868,2016-07-21,GROOMING,01
B4-5181,2016-07-22,OFFICE FEES,03
C3-7644,2016-07-22,VACCINATIONS,05
E0-2754,2016-07-22,VACCINATIONS,05
A2-8180,2016-07-22,VACCINATIONS,05
M0-2904,2016-07-22,VACCINATIONS,05
E3-9311,2016-07-22,VACCINATIONS,05
C9-5532,2016-07-22,VACCINATIONS,05
D6-4193,2016-07-22,VACCINATIONS,05
A7-7663,2016-07-22,VACCINATIONS,04
D2-2538,2016-07-22,GROOMING,03
F7-6430,2016-07-22,GENERAL SURGERIES,03
A7-4137,2016-07-23,VACCINATIONS,02
E5-4359,2016-07-23,GROOMING,03
F7-7857,2016-07-24,GENERAL SURGERIES,018
A0-5525,2016-07-25,VACCINATIONS,05
D5-4719,2016-07-25,VACCINATIONS,05
D8-6334,2016-07-25,VACCINATIONS,05
D4-1708,2016-07-25,OFFICE FEES,01
E6-8553,2016-07-25,GROOMING,03
E9-9238,2016-07-25,GROOMING,03
D9-5258,2016-07-26,VACCINATIONS,05
B6-7812,2016-07-26,GENERAL SURGERIES,02
B0-2441,2016-07-26,GROOMING,01
A2-4192,2016-07-27,VACCINATIONS,04
B4-5249,2016-07-28,GENERAL SURGERIES,06
A4-4621,2016-07-28,VACCINATIONS,05
D3-3895,2016-07-28,VACCINATIONS,05
F1-1448,2016-07-28,VACCINATIONS,05
D1-6135,2016-07-28,VACCINATIONS,05
D8-3251,2016-07-28,VACCINATIONS,05
E8-2573,2016-07-28,VACCINATIONS,05
C4-6505,2016-07-28,VACCINATIONS,05
E1-7480,2016-07-28,ORTHOPEDIC,02
F8-3612,2016-07-28,GROOMING,03
E5-8162,2016-07-28,GROOMING,01
E1-4861,2016-07-28,GROOMING,01
B1-5250,2016-07-29,GENERAL SURGERIES,03
E1-8501,2016-07-30,VACCINATIONS,05
C9-9164,2016-07-30,VACCINATIONS,05
V7-6771,2016-07-30,VACCINATIONS,05
G6-6501,2016-07-30,VACCINATIONS,05
E6-5808,2016-07-30,VACCINATIONS,05
A7-9409,2016-07-30,VACCINATIONS,05
A7-2777,2016-07-30,VACCINATIONS,05
C7-9169,2016-07-30,VACCINATIONS,05
C6-3647,2016-07-30,VACCINATIONS,05
E5-4797,2016-07-30,VACCINATIONS,05
F5-3967,2016-07-30,VACCINATIONS,05
E7-6791,2016-07-30,VACCINATIONS,05
F1-7620,2016-07-30,GROOMING,01
C1-9408,2016-07-31,VACCINATIONS,05
F9-2183,2016-07-31,VACCINATIONS,03
A7-4952,2016-07-31,ORTHOPEDIC,09
E2-5862,2016-07-31,GROOMING,03
C9-6871,2016-08-01,VACCINATIONS,05
C7-5993,2016-08-01,VACCINATIONS,05
B9-4864,2016-08-01,VACCINATIONS,05
D8-7017,2016-08-01,VACCINATIONS,05
D9-1413,2016-08-01,VACCINATIONS,05
A4-8843,2016-08-01,VACCINATIONS,05
D3-1819,2016-08-01,VACCINATIONS,05
F5-7292,2016-08-01,ORTHOPEDIC,07
D5-2789,2016-08-01,GROOMING,01
F8-7242,2016-08-01,GROOMING,01
F1-8904,2016-08-01,GENERAL SURGERIES,03
C1-1579,2016-08-01,GENERAL SURGERIES,03
F6-7787,2016-08-02,VACCINATIONS,02
C1-1497,2016-08-02,VACCINATIONS,05
A5-2208,2016-08-02,VACCINATIONS,05
F0-8651,2016-08-02,VACCINATIONS,05
B3-5936,2016-08-02,VACCINATIONS,05
E3-4886,2016-08-02,VACCINATIONS,05
F9-4898,2016-08-02,VACCINATIONS,05
L0-6660,2016-08-02,ORTHOPEDIC,01
E8-4126,2016-08-02,OFFICE FEES,02
B4-1297,2016-08-02,GROOMING,01
F0-7046,2016-08-02,GENERAL SURGERIES,03
F0-5404,2016-08-03,VACCINATIONS,05
B0-2063,2016-08-03,VACCINATIONS,05
D5-6791,2016-08-03,VACCINATIONS,05
F7-3477,2016-08-03,VACCINATIONS,05
D9-4276,2016-08-03,VACCINATIONS,05
E5-9337,2016-08-03,VACCINATIONS,05
E2-9698,2016-08-03,GROOMING,03
E3-5640,2016-08-03,ORTHOPEDIC,08
A1-1970,2016-08-03,GROOMING,03
D3-1776,2016-08-04,VACCINATIONS,05
B5-4098,2016-08-04,VACCINATIONS,05
A5-5690,2016-08-04,GROOMING,03
D8-7668,2016-08-05,VACCINATIONS,05
A2-5191,2016-08-06,VACCINATIONS,05
E7-9716,2016-08-06,VACCINATIONS,05
E8-5184,2016-08-06,VACCINATIONS,05
A5-8971,2016-08-06,VACCINATIONS,05
B0-7222,2016-08-06,VACCINATIONS,05
C9-8135,2016-08-06,GENERAL SURGERIES,013
A8-5094,2016-08-07,GROOMING,03
D2-7974,2016-08-08,ORTHOPEDIC,07
F2-9670,2016-08-08,VACCINATIONS,05
C6-5708,2016-08-08,VACCINATIONS,05
C5-3042,2016-08-09,ORTHOPEDIC,06
D8-8696,2016-08-09,VACCINATIONS,05
B3-5498,2016-08-09,VACCINATIONS,05
C0-3381,2016-08-09,GENERAL SURGERIES,014
B0-7174,2016-08-09,GROOMING,03
D1-6729,2016-08-09,GENERAL SURGERIES,03
D1-7995,2016-08-10,VACCINATIONS,04
F9-7584,2016-08-10,VACCINATIONS,05
C2-3092,2016-08-10,VACCINATIONS,05
D1-6639,2016-08-10,VACCINATIONS,05
A7-6017,2016-08-10,VACCINATIONS,05
B2-5615,2016-08-10,VACCINATIONS,05
D1-7769,2016-08-10,VACCINATIONS,05
E8-9512,2016-08-10,VACCINATIONS,05
F7-7540,2016-08-10,GENERAL SURGERIES,04
F0-6060,2016-08-10,ORTHOPEDIC,06
C5-7583,2016-08-10,GROOMING,02
E6-6053,2016-08-10,GENERAL SURGERIES,08
D4-2952,2016-08-10,GROOMING,03
A2-6326,2016-08-10,GROOMING,01
E6-9634,2016-08-11,GENERAL SURGERIES,01
E8-4540,2016-08-12,VACCINATIONS,05
A2-2483,2016-08-12,VACCINATIONS,05
D0-7983,2016-08-12,GROOMING,01
B8-9458,2016-08-12,GROOMING,01
F0-1964,2016-08-13,VACCINATIONS,05
E7-8401,2016-08-13,VACCINATIONS,05
B3-6441,2016-08-13,VACCINATIONS,05
B5-6792,2016-08-13,VACCINATIONS,05
C4-1020,2016-08-13,GROOMING,03
A9-6565,2016-08-13,GROOMING,01
F8-9832,2016-08-14,GENERAL SURGERIES,014
D7-7113,2016-08-14,VACCINATIONS,05
B6-3912,2016-08-14,VACCINATIONS,05
B5-1294,2016-08-14,VACCINATIONS,05
C0-1121,2016-08-14,VACCINATIONS,05
E2-3845,2016-08-14,VACCINATIONS,05
C6-8475,2016-08-14,VACCINATIONS,05
F6-1280,2016-08-14,VACCINATIONS,05
E1-1725,2016-08-14,GENERAL SURGERIES,018
C5-9371,2016-08-14,ORTHOPEDIC,02
A0-4879,2016-08-14,GROOMING,03
B0-3148,2016-08-14,ORTHOPEDIC,05
B4-1445,2016-08-14,OFFICE FEES,03
C7-1603,2016-08-14,GROOMING,03
C5-9453,2016-08-14,GROOMING,01
A1-3525,2016-08-14,GROOMING,01
D6-5754,2016-08-15,GROOMING,01
A0-2610,2016-08-15,GROOMING,01
D4-5670,2016-08-16,VACCINATIONS,05
A2-9810,2016-08-16,VACCINATIONS,05
F4-8162,2016-08-16,VACCINATIONS,05
C0-4696,2016-08-17,VACCINATIONS,05
A9-6231,2016-08-17,VACCINATIONS,05
E7-3619,2016-08-17,VACCINATIONS,05
A8-9530,2016-08-17,VACCINATIONS,05
F3-2944,2016-08-17,VACCINATIONS,05
F0-2209,2016-08-17,GENERAL SURGERIES,018
B0-3976,2016-08-17,VACCINATIONS,03
A0-5186,2016-08-17,ORTHOPEDIC,02
A7-2023,2016-08-17,GROOMING,03
F3-5414,2016-08-17,GROOMING,01
D2-1754,2016-08-18,VACCINATIONS,05
E9-9428,2016-08-19,GROOMING,01
D7-7753,2016-08-19,GROOMING,01
U8-6473,2016-08-19,GROOMING,01
E0-3943,2016-08-20,VACCINATIONS,05
F4-3338,2016-08-20,VACCINATIONS,05
B4-2361,2016-08-20,VACCINATIONS,05
A9-5813,2016-08-20,VACCINATIONS,05
E2-3876,2016-08-20,VACCINATIONS,05
F8-8489,2016-08-20,GENERAL SURGERIES,07
E4-5478,2016-08-20,GENERAL SURGERIES,013
D6-5344,2016-08-20,GENERAL SURGERIES,012
D4-9408,2016-08-20,GROOMING,01
C5-8639,2016-08-20,GROOMING,01
A3-1896,2016-08-20,GROOMING,01
E6-7182,2016-08-21,GROOMING,02
F8-3927,2016-08-21,VACCINATIONS,06
E0-4203,2016-08-21,VACCINATIONS,05
D5-2007,2016-08-21,VACCINATIONS,05
A6-5684,2016-08-21,VACCINATIONS,05
D6-8798,2016-08-21,VACCINATIONS,05
B1-3935,2016-08-21,VACCINATIONS,05
D0-1398,2016-08-21,VACCINATIONS,05
D7-9558,2016-08-21,VACCINATIONS,05
F4-3245,2016-08-21,VACCINATIONS,05
A3-5387,2016-08-21,VACCINATIONS,05
A3-3655,2016-08-21,VACCINATIONS,05
D9-5504,2016-08-21,VACCINATIONS,05
F5-4189,2016-08-21,VACCINATIONS,05
C0-4465,2016-08-21,OFFICE FEES,01
D7-1589,2016-08-21,GENERAL SURGERIES,01
J6-8562,2016-08-21,GENERAL SURGERIES,08
F4-3259,2016-08-21,GROOMING,01
A4-6945,2016-08-21,GROOMING,01
F7-8631,2016-08-21,GROOMING,01
E7-8559,2016-08-21,GROOMING,01
F9-9096,2016-08-22,VACCINATIONS,05
E3-7060,2016-08-22,VACCINATIONS,05
D9-4589,2016-08-22,VACCINATIONS,05
D8-2541,2016-08-22,VACCINATIONS,05
B5-2845,2016-08-23,VACCINATIONS,05
F9-9495,2016-08-23,VACCINATIONS,05
E2-8406,2016-08-23,VACCINATIONS,05
A7-3949,2016-08-23,VACCINATIONS,05
F4-6388,2016-08-23,VACCINATIONS,05
C1-8904,2016-08-23,VACCINATIONS,05
E2-5983,2016-08-23,VACCINATIONS,05
B1-8166,2016-08-23,VACCINATIONS,05
D9-5566,2016-08-23,VACCINATIONS,05
C3-5152,2016-08-23,GENERAL SURGERIES,010
B4-5599,2016-08-23,GENERAL SURGERIES,010
F8-7251,2016-08-23,GROOMING,01
E6-9420,2016-08-23,GENERAL SURGERIES,03
F8-2256,2016-08-23,GENERAL SURGERIES,03
C4-1227,2016-08-24,ORTHOPEDIC,08
E4-3798,2016-08-24,VACCINATIONS,01
B2-8298,2016-08-24,VACCINATIONS,05
E7-5573,2016-08-24,VACCINATIONS,05
B1-4645,2016-08-24,VACCINATIONS,05
C6-4512,2016-08-24,VACCINATIONS,05
D8-3969,2016-08-24,VACCINATIONS,05
B4-8244,2016-08-24,VACCINATIONS,05
E3-6030,2016-08-24,VACCINATIONS,05
A0-6296,2016-08-24,VACCINATIONS,05
B5-9921,2016-08-24,VACCINATIONS,05
B6-5847,2016-08-24,VACCINATIONS,05
E3-4289,2016-08-24,GENERAL SURGERIES,018
F6-5510,2016-08-24,ORTHOPEDIC,04
F9-4556,2016-08-24,GROOMING,03
B9-3837,2016-08-25,VACCINATIONS,05
F0-1121,2016-08-26,VACCINATIONS,05
B6-8419,2016-08-26,VACCINATIONS,05
A5-5535,2016-08-26,VACCINATIONS,01
C8-9851,2016-08-26,GROOMING,03
C2-8045,2016-08-26,GROOMING,01
E7-6171,2016-08-27,VACCINATIONS,05
F3-7090,2016-08-27,VACCINATIONS,06
F2-4105,2016-08-28,VACCINATIONS,05
B1-4568,2016-08-29,VACCINATIONS,05
C4-7306,2016-08-29,VACCINATIONS,05
A7-4459,2016-08-29,VACCINATIONS,05
B5-5506,2016-08-29,VACCINATIONS,05
D3-3747,2016-08-29,GROOMING,01
B0-2491,2016-08-30,VACCINATIONS,05
A0-2151,2016-08-30,VACCINATIONS,06
B0-6071,2016-08-30,VACCINATIONS,05
C5-6730,2016-08-30,VACCINATIONS,05
D4-2322,2016-08-30,VACCINATIONS,05
D9-9312,2016-08-30,VACCINATIONS,05
E4-4654,2016-08-30,VACCINATIONS,05
F5-2863,2016-08-30,VACCINATIONS,05
C7-3383,2016-08-30,VACCINATIONS,05
C8-7754,2016-08-30,VACCINATIONS,01
C3-7570,2016-08-30,GENERAL SURGERIES,018
C9-8631,2016-08-30,GROOMING,03
A1-6018,2016-08-30,GROOMING,03
E7-3999,2016-08-30,GROOMING,03
B4-8914,2016-08-30,GROOMING,01
A7-4087,2016-08-30,GROOMING,01
B6-3595,2016-08-30,GENERAL SURGERIES,03
F2-5772,2016-08-30,GENERAL SURGERIES,03
F0-6228,2016-08-31,VACCINATIONS,05
A0-1972,2016-09-01,VACCINATIONS,06
E2-3908,2016-09-02,VACCINATIONS,05
F6-9380,2016-09-03,VACCINATIONS,04
D6-3282,2016-09-03,VACCINATIONS,05
A4-7862,2016-09-03,VACCINATIONS,05
C0-2881,2016-09-03,GROOMING,01
E1-9999,2016-09-04,VACCINATIONS,05
C0-8164,2016-09-04,VACCINATIONS,05
B7-3789,2016-09-05,GENERAL SURGERIES,03
E4-1841,2016-09-06,VACCINATIONS,05
A6-1018,2016-09-06,VACCINATIONS,05
C9-8473,2016-09-06,VACCINATIONS,05
B6-4622,2016-09-06,VACCINATIONS,05
E8-9436,2016-09-06,GROOMING,03
C8-9452,2016-09-06,GROOMING,01
C7-7019,2016-09-07,GENERAL SURGERIES,03
A6-6173,2016-09-08,VACCINATIONS,05
C4-7615,2016-09-08,VACCINATIONS,05
B0-5418,2016-09-08,VACCINATIONS,05
A0-1230,2016-09-08,VACCINATIONS,05
F0-3819,2016-09-08,VACCINATIONS,05
D2-7653,2016-09-08,VACCINATIONS,05
D3-2189,2016-09-08,VACCINATIONS,05
A7-4746,2016-09-08,GROOMING,01
A6-9274,2016-09-09,VACCINATIONS,05
D6-4831,2016-09-09,VACCINATIONS,05
F0-9778,2016-09-09,VACCINATIONS,05
A5-7433,2016-09-09,VACCINATIONS,05
D2-8669,2016-09-09,VACCINATIONS,05
C6-1412,2016-09-09,VACCINATIONS,05
F3-7360,2016-09-09,GROOMING,02
A2-9229,2016-09-09,GROOMING,03
F7-2944,2016-09-09,GROOMING,03
B0-1949,2016-09-09,GROOMING,03
E3-9712,2016-09-09,GENERAL SURGERIES,03
C3-5477,2016-09-10,VACCINATIONS,05
C8-6998,2016-09-10,VACCINATIONS,05
B1-5303,2016-09-10,VACCINATIONS,05
F8-4755,2016-09-10,VACCINATIONS,05
E6-7577,2016-09-10,GROOMING,01
F8-8957,2016-09-10,ORTHOPEDIC,04
B5-7783,2016-09-10,GROOMING,01
F6-6662,2016-09-11,VACCINATIONS,05
F5-1929,2016-09-11,VACCINATIONS,05
F1-7580,2016-09-11,VACCINATIONS,05
O6-3123,2016-09-11,VACCINATIONS,05
A8-7493,2016-09-11,VACCINATIONS,05
B3-8838,2016-09-11,VACCINATIONS,05
B0-3518,2016-09-11,VACCINATIONS,05
E9-4320,2016-09-11,VACCINATIONS,05
F1-2388,2016-09-11,GENERAL SURGERIES,013
B1-7289,2016-09-12,VACCINATIONS,05
D1-1113,2016-09-12,GROOMING,03
C1-2139,2016-09-12,GROOMING,03
E6-6933,2016-09-13,VACCINATIONS,04
C0-5315,2016-09-13,VACCINATIONS,05
C3-2744,2016-09-13,VACCINATIONS,05
E8-8645,2016-09-13,VACCINATIONS,05
D3-9086,2016-09-13,VACCINATIONS,05
F6-9596,2016-09-13,GROOMING,03
F3-7323,2016-09-14,VACCINATIONS,05
B4-8251,2016-09-14,GROOMING,01
B6-4911,2016-09-14,GROOMING,01
F8-5367,2016-09-15,VACCINATIONS,05
A0-2747,2016-09-16,VACCINATIONS,05
F7-9251,2016-09-17,VACCINATIONS,05
C3-1251,2016-09-17,VACCINATIONS,05
E7-9280,2016-09-17,VACCINATIONS,05
F3-2949,2016-09-17,VACCINATIONS,05
D4-3688,2016-09-17,VACCINATIONS,05
K0-8177,2016-09-17,VACCINATIONS,05
A6-9157,2016-09-17,VACCINATIONS,05
D5-4703,2016-09-17,VACCINATIONS,05
B8-4981,2016-09-17,VACCINATIONS,04
C0-5208,2016-09-17,GENERAL SURGERIES,01
E7-9507,2016-09-17,GROOMING,03
B1-8738,2016-09-17,GENERAL SURGERIES,03
F1-3954,2016-09-18,VACCINATIONS,05
C8-9971,2016-09-18,VACCINATIONS,05
B0-7968,2016-09-18,ORTHOPEDIC,03
B5-8456,2016-09-18,GENERAL SURGERIES,03
B8-8667,2016-09-18,GROOMING,03
A2-4511,2016-09-19,GENERAL SURGERIES,01
D1-8434,2016-09-19,VACCINATIONS,05
M8-7852,2016-09-19,VACCINATIONS,05
E5-4647,2016-09-19,VACCINATIONS,05
D0-8844,2016-09-19,VACCINATIONS,05
E6-1383,2016-09-19,VACCINATIONS,05
C6-4159,2016-09-19,VACCINATIONS,05
F7-7811,2016-09-19,VACCINATIONS,05
E0-9256,2016-09-19,VACCINATIONS,05
B6-5002,2016-09-19,VACCINATIONS,05
A1-8618,2016-09-19,VACCINATIONS,05
N0-9539,2016-09-19,VACCINATIONS,05
F3-1606,2016-09-19,VACCINATIONS,05
D2-8143,2016-09-19,VACCINATIONS,05
E0-4947,2016-09-19,VACCINATIONS,05
B5-6810,2016-09-19,VACCINATIONS,05
B4-8110,2016-09-19,ORTHOPEDIC,05
D0-1951,2016-09-19,GENERAL SURGERIES,011
B6-9756,2016-09-19,GROOMING,03
C9-8031,2016-09-19,GROOMING,03
C3-9278,2016-09-19,GROOMING,03
D8-3359,2016-09-19,GROOMING,03
E4-4990,2016-09-19,GROOMING,03
B0-6189,2016-09-19,GROOMING,01
A3-3363,2016-09-19,GENERAL SURGERIES,03
E2-1206,2016-09-20,VACCINATIONS,05
F7-6374,2016-09-20,VACCINATIONS,05
A5-7891,2016-09-20,GENERAL SURGERIES,011
C5-3984,2016-09-20,GROOMING,01
D6-9276,2016-09-21,HOSPITALIZATION,01
C7-6555,2016-09-22,GROOMING,02
C9-3325,2016-09-22,HOSPITALIZATION,01
D6-8946,2016-09-22,VACCINATIONS,05
F9-5716,2016-09-22,VACCINATIONS,05
D0-2734,2016-09-22,VACCINATIONS,05
C1-9213,2016-09-22,VACCINATIONS,05
B3-1169,2016-09-22,VACCINATIONS,05
B5-3471,2016-09-23,ORTHOPEDIC,03
D0-9683,2016-09-23,VACCINATIONS,05
C8-5868,2016-09-23,GENERAL SURGERIES,07
A6-8383,2016-09-24,VACCINATIONS,05
D6-6605,2016-09-24,VACCINATIONS,05
D7-2874,2016-09-24,VACCINATIONS,05
B4-6170,2016-09-24,OFFICE FEES,02
F3-7262,2016-09-24,GENERAL SURGERIES,03
C6-1197,2016-09-25,GENERAL SURGERIES,013
A7-8523,2016-09-25,VACCINATIONS,05
F1-3946,2016-09-25,VACCINATIONS,05
A9-9321,2016-09-25,VACCINATIONS,05
A0-7012,2016-09-25,VACCINATIONS,05
F5-2718,2016-09-25,VACCINATIONS,05
B1-3660,2016-09-25,VACCINATIONS,05
D1-2286,2016-09-25,VACCINATIONS,05
C4-1832,2016-09-25,GENERAL SURGERIES,012
F5-2775,2016-09-25,GROOMING,02
E6-1614,2016-09-25,GROOMING,03
C4-1427,2016-09-25,GROOMING,03
C2-2955,2016-09-26,VACCINATIONS,01
D2-9988,2016-09-26,VACCINATIONS,05
F3-9741,2016-09-26,VACCINATIONS,05
D7-9880,2016-09-26,VACCINATIONS,05
C7-6390,2016-09-26,VACCINATIONS,05
C3-1121,2016-09-26,VACCINATIONS,05
A0-2985,2016-09-26,VACCINATIONS,05
D2-5002,2016-09-26,OFFICE FEES,01
B9-4177,2016-09-26,ORTHOPEDIC,06
D3-6027,2016-09-26,ORTHOPEDIC,09
B7-1700,2016-09-26,GENERAL SURGERIES,019
E9-2823,2016-09-26,ORTHOPEDIC,01
B7-6899,2016-09-26,HOSPITALIZATION,01
E3-2137,2016-09-26,GENERAL SURGERIES,019
B8-7462,2016-09-27,VACCINATIONS,05
E5-4073,2016-09-27,VACCINATIONS,05
F4-7521,2016-09-28,VACCINATIONS,05
E4-5313,2016-09-28,GENERAL SURGERIES,03
A5-1668,2016-09-29,GENERAL SURGERIES,014
Q2-3642,2016-09-29,ORTHOPEDIC,09
D5-8502,2016-09-30,VACCINATIONS,05
F2-5525,2016-09-30,VACCINATIONS,05
B5-3682,2016-09-30,GENERAL SURGERIES,016
B1-3966,2016-09-30,GROOMING,03
C1-7228,2016-09-30,ORTHOPEDIC,01
A8-1399,2016-09-30,GROOMING,01
C8-5345,2016-10-01,VACCINATIONS,05
B7-4845,2016-10-01,ORTHOPEDIC,04
F0-1174,2016-10-01,GROOMING,01
F7-5220,2016-10-02,ORTHOPEDIC,09
E0-8136,2016-10-02,GENERAL SURGERIES,08
A2-6019,2016-10-02,VACCINATIONS,05
E8-6560,2016-10-02,VACCINATIONS,05
F8-2249,2016-10-02,VACCINATIONS,05
C4-3016,2016-10-02,GENERAL SURGERIES,015
E6-3526,2016-10-02,GENERAL SURGERIES,016
D0-1618,2016-10-02,GROOMING,01
A3-6134,2016-10-02,GROOMING,01
B1-1919,2016-10-03,VACCINATIONS,05
D7-3453,2016-10-03,VACCINATIONS,05
B5-1799,2016-10-03,VACCINATIONS,05
F2-5490,2016-10-03,VACCINATIONS,05
D1-4885,2016-10-03,VACCINATIONS,05
X0-8765,2016-10-03,GENERAL SURGERIES,08
C4-7566,2016-10-03,GENERAL SURGERIES,03
D7-1192,2016-10-04,VACCINATIONS,05
E2-1244,2016-10-05,VACCINATIONS,05
D8-7616,2016-10-05,VACCINATIONS,05
P2-7342,2016-10-05,VACCINATIONS,05
A3-7219,2016-10-05,VACCINATIONS,05
A9-5588,2016-10-06,VACCINATIONS,05
C9-9514,2016-10-06,VACCINATIONS,05
E6-2909,2016-10-06,VACCINATIONS,05
F6-7385,2016-10-06,ORTHOPEDIC,07
A2-9238,2016-10-06,ORTHOPEDIC,09
B5-7069,2016-10-06,GROOMING,03
E3-3079,2016-10-06,GROOMING,03
B7-4163,2016-10-06,GROOMING,01
C5-8665,2016-10-06,GROOMING,01
C0-3815,2016-10-07,VACCINATIONS,05
E2-6480,2016-10-07,GROOMING,01
E5-2475,2016-10-08,VACCINATIONS,06
D7-1537,2016-10-08,VACCINATIONS,05
B3-7056,2016-10-08,VACCINATIONS,05
F4-5237,2016-10-08,VACCINATIONS,05
B7-9156,2016-10-08,GROOMING,01
F2-8407,2016-10-09,GENERAL SURGERIES,019
E9-4149,2016-10-10,GENERAL SURGERIES,019
A1-8716,2016-10-10,VACCINATIONS,05
C2-2999,2016-10-10,VACCINATIONS,05
A2-7627,2016-10-10,VACCINATIONS,05
F1-6479,2016-10-10,VACCINATIONS,05
B6-7976,2016-10-10,OFFICE FEES,03
C1-1426,2016-10-10,GROOMING,01
C2-2951,2016-10-11,VACCINATIONS,05
G9-0817,2016-10-11,VACCINATIONS,05
D3-9699,2016-10-12,VACCINATIONS,05
D4-5312,2016-10-13,VACCINATIONS,05
B7-8183,2016-10-13,VACCINATIONS,05
E7-8758,2016-10-13,VACCINATIONS,05
D6-9325,2016-10-13,VACCINATIONS,05
E7-4876,2016-10-13,VACCINATIONS,05
C6-8469,2016-10-13,VACCINATIONS,05
F6-6812,2016-10-13,VACCINATIONS,05
C2-6694,2016-10-13,VACCINATIONS,04
A8-5384,2016-10-13,GROOMING,03
A5-5164,2016-10-13,GROOMING,01
F5-5303,2016-10-13,GROOMING,01
D7-8709,2016-10-13,GROOMING,01
E6-8207,2016-10-13,GENERAL SURGERIES,03
E3-9205,2016-10-14,VACCINATIONS,05
E0-6328,2016-10-14,VACCINATIONS,05
F1-7056,2016-10-14,VACCINATIONS,05
D2-9825,2016-10-14,VACCINATIONS,05
D9-6088,2016-10-14,GENERAL SURGERIES,016
C1-3363,2016-10-14,GENERAL SURGERIES,012
F5-8231,2016-10-15,VACCINATIONS,05
D4-4907,2016-10-15,GENERAL SURGERIES,05
B5-9880,2016-10-15,GROOMING,01
B9-7536,2016-10-16,VACCINATIONS,05
C7-8736,2016-10-17,OFFICE FEES,02
E7-1178,2016-10-17,VACCINATIONS,05
D6-4640,2016-10-17,VACCINATIONS,05
E2-7521,2016-10-17,VACCINATIONS,05
C3-8720,2016-10-17,VACCINATIONS,05
D8-5497,2016-10-17,VACCINATIONS,05
D8-6829,2016-10-17,VACCINATIONS,05
D5-5587,2016-10-17,ORTHOPEDIC,04
C0-4555,2016-10-17,GROOMING,03
E8-5483,2016-10-18,GROOMING,03
A6-2232,2016-10-19,VACCINATIONS,05
U6-4890,2016-10-19,VACCINATIONS,05
A1-3638,2016-10-19,VACCINATIONS,05
C5-3430,2016-10-19,VACCINATIONS,05
C3-1717,2016-10-19,VACCINATIONS,05
F1-3759,2016-10-19,VACCINATIONS,05
C2-7079,2016-10-19,VACCINATIONS,05
F3-2489,2016-10-19,VACCINATIONS,05
B2-4824,2016-10-19,VACCINATIONS,05
A5-4766,2016-10-19,VACCINATIONS,05
E0-5098,2016-10-19,VACCINATIONS,05
C4-9779,2016-10-19,VACCINATIONS,05
A6-1208,2016-10-20,VACCINATIONS,05
D4-7966,2016-10-20,VACCINATIONS,05
C2-7319,2016-10-20,VACCINATIONS,05
D6-7730,2016-10-21,VACCINATIONS,05
B8-7681,2016-10-21,VACCINATIONS,05
E1-7255,2016-10-21,VACCINATIONS,05
D0-8237,2016-10-21,VACCINATIONS,05
B7-2214,2016-10-21,GENERAL SURGERIES,02
E4-6818,2016-10-21,GROOMING,03
B3-2662,2016-10-22,GENERAL SURGERIES,03
J1-6366,2016-10-22,GENERAL SURGERIES,017
E5-1597,2016-10-22,VACCINATIONS,05
D9-1653,2016-10-22,VACCINATIONS,05
C5-5966,2016-10-22,VACCINATIONS,05
E0-6432,2016-10-22,VACCINATIONS,05
C6-8085,2016-10-22,VACCINATIONS,05
C9-6655,2016-10-22,GENERAL SURGERIES,07
A5-2572,2016-10-22,GROOMING,03
A2-3807,2016-10-22,GROOMING,01
C7-7611,2016-10-22,GENERAL SURGERIES,03
B8-3765,2016-10-23,OFFICE FEES,01
D7-8149,2016-10-23,VACCINATIONS,05
C5-6218,2016-10-23,GENERAL SURGERIES,08
E2-6509,2016-10-23,GROOMING,03
C1-3576,2016-10-24,VACCINATIONS,05
A6-2178,2016-10-24,GROOMING,01
F6-7584,2016-10-25,ORTHOPEDIC,01
E3-2969,2016-10-25,VACCINATIONS,05
E6-6129,2016-10-25,VACCINATIONS,05
F7-5556,2016-10-25,VACCINATIONS,05
B9-4784,2016-10-25,VACCINATIONS,05
D7-3946,2016-10-25,VACCINATIONS,05
C7-7628,2016-10-25,VACCINATIONS,05
B1-4723,2016-10-25,VACCINATIONS,05
E0-1803,2016-10-25,VACCINATIONS,05
B2-1575,2016-10-25,GROOMING,03
B1-9677,2016-10-25,GROOMING,01
D7-1435,2016-10-26,GROOMING,03
D2-2300,2016-10-27,VACCINATIONS,05
A0-1996,2016-10-27,VACCINATIONS,05
E4-8164,2016-10-27,GROOMING,03
F3-1296,2016-10-28,VACCINATIONS,05
A6-6009,2016-10-29,VACCINATIONS,05
C0-3228,2016-10-29,VACCINATIONS,05
F6-3583,2016-10-29,VACCINATIONS,05
C6-6254,2016-10-29,VACCINATIONS,05
C4-9038,2016-10-29,VACCINATIONS,05
C0-3457,2016-10-29,VACCINATIONS,05
A7-8467,2016-10-29,VACCINATIONS,05
F7-6109,2016-10-29,VACCINATIONS,05
A9-9503,2016-10-29,VACCINATIONS,05
A0-3653,2016-10-30,VACCINATIONS,05
D9-1632,2016-10-30,VACCINATIONS,05
A8-6648,2016-10-30,GROOMING,01
D7-1778,2016-10-31,VACCINATIONS,05
A5-4182,2016-10-31,VACCINATIONS,05
D0-4498,2016-11-01,VACCINATIONS,01
A5-4695,2016-11-02,GENERAL SURGERIES,08
D3-7565,2016-11-02,VACCINATIONS,05
B1-1798,2016-11-02,VACCINATIONS,05
A3-2016,2016-11-02,VACCINATIONS,05
F9-4765,2016-11-02,VACCINATIONS,05
A6-7002,2016-11-02,VACCINATIONS,05
F9-2168,2016-11-02,VACCINATIONS,05
E3-6591,2016-11-02,VACCINATIONS,05
C4-4194,2016-11-02,VACCINATIONS,05
D0-7790,2016-11-02,VACCINATIONS,05
F2-9481,2016-11-02,VACCINATIONS,05
B4-9459,2016-11-02,GENERAL SURGERIES,014
E7-7161,2016-11-02,GENERAL SURGERIES,06
A4-3013,2016-11-02,GENERAL SURGERIES,012
C8-5102,2016-11-02,GROOMING,03
C6-7624,2016-11-02,GROOMING,03
F7-5627,2016-11-02,GROOMING,03
C8-6455,2016-11-02,GROOMING,01
C5-1917,2016-11-02,GROOMING,01
A4-4451,2016-11-02,GENERAL SURGERIES,03
B2-2174,2016-11-03,VACCINATIONS,05
C8-5197,2016-11-03,VACCINATIONS,05
C7-1552,2016-11-03,OFFICE FEES,03
C6-7423,2016-11-04,VACCINATIONS,05
F2-9271,2016-11-04,VACCINATIONS,05
T0-5705,2016-11-04,VACCINATIONS,05
E3-4578,2016-11-04,VACCINATIONS,06
C9-1619,2016-11-04,ORTHOPEDIC,04
E6-7833,2016-11-04,OFFICE FEES,03
E0-1893,2016-11-04,GROOMING,03
F1-7855,2016-11-05,VACCINATIONS,03
F6-4069,2016-11-05,VACCINATIONS,05
F1-1291,2016-11-05,GROOMING,01
B5-3858,2016-11-06,VACCINATIONS,05
F1-8372,2016-11-06,VACCINATIONS,05
A7-8616,2016-11-06,VACCINATIONS,05
C7-7984,2016-11-06,VACCINATIONS,05
B2-3103,2016-11-06,VACCINATIONS,05
E8-4733,2016-11-06,VACCINATIONS,05
D0-3447,2016-11-06,VACCINATIONS,05
D0-3846,2016-11-06,VACCINATIONS,05
B6-1453,2016-11-06,VACCINATIONS,05
F0-6922,2016-11-06,VACCINATIONS,05
Q8-8753,2016-11-06,VACCINATIONS,05
A4-8849,2016-11-06,GENERAL SURGERIES,07
B5-7743,2016-11-06,GENERAL SURGERIES,010
D4-5326,2016-11-06,GROOMING,03
F0-7199,2016-11-06,GROOMING,01
D0-5249,2016-11-06,GENERAL SURGERIES,03
F8-6703,2016-11-06,GENERAL SURGERIES,03
A8-6209,2016-11-07,VACCINATIONS,05
E7-9864,2016-11-07,VACCINATIONS,05
K0-8177,2016-11-07,VACCINATIONS,05
A9-6785,2016-11-07,GROOMING,01
B3-8127,2016-11-07,VACCINATIONS,03
B4-1081,2016-11-07,GROOMING,03
C0-8707,2016-11-08,VACCINATIONS,05
D6-7405,2016-11-08,VACCINATIONS,05
B7-5680,2016-11-08,VACCINATIONS,05
C5-1419,2016-11-08,VACCINATIONS,05
E7-5762,2016-11-08,VACCINATIONS,05
D6-8583,2016-11-08,VACCINATIONS,02
E7-4603,2016-11-08,VACCINATIONS,05
F8-6190,2016-11-08,GROOMING,01
D5-4632,2016-11-08,GENERAL SURGERIES,03
F5-5330,2016-11-09,VACCINATIONS,05
A5-1332,2016-11-09,VACCINATIONS,05
D4-1124,2016-11-10,VACCINATIONS,05
F5-6838,2016-11-11,GENERAL SURGERIES,03
C4-5098,2016-11-12,VACCINATIONS,05
D5-3246,2016-11-12,GROOMING,02
F3-4958,2016-11-12,GROOMING,01
A2-8288,2016-11-13,GROOMING,01
D4-6387,2016-11-14,GENERAL SURGERIES,02
D4-4731,2016-11-14,GENERAL SURGERIES,05
A1-9616,2016-11-14,VACCINATIONS,02
A3-9450,2016-11-14,VACCINATIONS,05
B8-7006,2016-11-15,VACCINATIONS,05
F0-6226,2016-11-15,VACCINATIONS,05
F9-6665,2016-11-15,GROOMING,01
D2-6754,2016-11-15,GROOMING,01
F3-4519,2016-11-16,VACCINATIONS,05
B7-2396,2016-11-16,VACCINATIONS,05
B6-8040,2016-11-16,VACCINATIONS,05
E7-9831,2016-11-16,VACCINATIONS,05
F9-9972,2016-11-16,VACCINATIONS,05
E4-6905,2016-11-16,VACCINATIONS,05
E4-2177,2016-11-16,GROOMING,01
B5-4402,2016-11-17,VACCINATIONS,05
F8-1324,2016-11-17,GROOMING,01
C1-8728,2016-11-18,VACCINATIONS,05
A2-1300,2016-11-18,GENERAL SURGERIES,03
F8-3712,2016-11-19,VACCINATIONS,05
A6-6456,2016-11-19,VACCINATIONS,05
C7-5119,2016-11-19,VACCINATIONS,05
D6-4011,2016-11-19,VACCINATIONS,05
C1-1797,2016-11-19,VACCINATIONS,05
C9-6311,2016-11-19,GROOMING,03
E1-4940,2016-11-19,ORTHOPEDIC,07
E0-5186,2016-11-19,GROOMING,03
D0-9152,2016-11-19,GROOMING,03
A4-6393,2016-11-20,VACCINATIONS,05
E6-9177,2016-11-21,VACCINATIONS,05
D7-3152,2016-11-21,VACCINATIONS,05
B8-5839,2016-11-21,VACCINATIONS,05
B9-4681,2016-11-21,VACCINATIONS,05
F7-9769,2016-11-21,VACCINATIONS,05
D7-5792,2016-11-21,VACCINATIONS,05
C7-6954,2016-11-21,VACCINATIONS,05
D2-1137,2016-11-21,VACCINATIONS,05
A8-2423,2016-11-21,VACCINATIONS,05
B8-8511,2016-11-21,VACCINATIONS,05
E3-6620,2016-11-21,VACCINATIONS,05
F8-8421,2016-11-21,VACCINATIONS,05
B9-2837,2016-11-21,GENERAL SURGERIES,017
D7-9647,2016-11-21,GROOMING,01
C9-2452,2016-11-21,GENERAL SURGERIES,014
B3-6842,2016-11-21,GROOMING,03
E8-1619,2016-11-21,GROOMING,01
E1-6359,2016-11-21,GENERAL SURGERIES,03
D4-9557,2016-11-22,ORTHOPEDIC,01
E2-1326,2016-11-22,VACCINATIONS,05
A8-3594,2016-11-22,VACCINATIONS,05
B7-7345,2016-11-23,VACCINATIONS,05
A0-1512,2016-11-23,VACCINATIONS,05
E8-2051,2016-11-23,VACCINATIONS,01
B4-6262,2016-11-23,GENERAL SURGERIES,04
F0-8915,2016-11-24,GROOMING,01
E5-7492,2016-11-25,GROOMING,03
J2-4382,2016-11-26,GENERAL SURGERIES,03
B5-8289,2016-11-27,VACCINATIONS,05
E0-5837,2016-11-27,VACCINATIONS,05
B4-3772,2016-11-27,GROOMING,03
F9-1159,2016-11-27,GROOMING,03
B6-3121,2016-11-28,VACCINATIONS,05
F7-4070,2016-11-28,VACCINATIONS,05
F9-2587,2016-11-28,VACCINATIONS,05
A0-8506,2016-11-29,VACCINATIONS,05
E4-5441,2016-11-29,VACCINATIONS,05
C8-5107,2016-11-29,GENERAL SURGERIES,019
C9-7578,2016-11-29,GROOMING,03
C8-8153,2016-11-30,VACCINATIONS,05
D7-7886,2016-12-01,VACCINATIONS,05
E9-9490,2016-12-01,VACCINATIONS,05
F5-7751,2016-12-01,VACCINATIONS,05
B5-8129,2016-12-01,VACCINATIONS,05
E3-3224,2016-12-01,VACCINATIONS,05
B4-8437,2016-12-01,VACCINATIONS,05
M2-1131,2016-12-01,ORTHOPEDIC,05
B8-3822,2016-12-01,GROOMING,03
A4-8700,2016-12-02,VACCINATIONS,05
C7-6280,2016-12-02,VACCINATIONS,05
D3-5444,2016-12-02,VACCINATIONS,05
B3-1210,2016-12-02,VACCINATIONS,05
D3-2488,2016-12-02,VACCINATIONS,05
F1-5729,2016-12-02,VACCINATIONS,05
C2-9046,2016-12-02,VACCINATIONS,05
E6-9120,2016-12-02,VACCINATIONS,05
B2-8903,2016-12-02,VACCINATIONS,05
E8-9774,2016-12-02,VACCINATIONS,05
E2-3054,2016-12-02,VACCINATIONS,05
B5-9335,2016-12-02,ORTHOPEDIC,02
D7-9318,2016-12-02,ORTHOPEDIC,08
C3-3174,2016-12-02,GROOMING,01
E4-8256,2016-12-02,GROOMING,01
B7-8319,2016-12-02,GENERAL SURGERIES,03
A8-7404,2016-12-03,VACCINATIONS,05
A2-4375,2016-12-03,VACCINATIONS,05
A5-6341,2016-12-03,VACCINATIONS,05
B0-1273,2016-12-03,VACCINATIONS,05
D9-3819,2016-12-03,VACCINATIONS,05
D8-3652,2016-12-04,GENERAL SURGERIES,017
A3-1824,2016-12-04,VACCINATIONS,05
E7-6697,2016-12-04,VACCINATIONS,05
C2-5881,2016-12-04,VACCINATIONS,05
A9-4776,2016-12-04,VACCINATIONS,05
C8-5195,2016-12-04,VACCINATIONS,05
D5-5486,2016-12-04,VACCINATIONS,05
E1-6008,2016-12-04,VACCINATIONS,05
E2-6164,2016-12-04,VACCINATIONS,05
B1-9216,2016-12-04,VACCINATIONS,05
F7-4250,2016-12-04,GROOMING,03
D7-3164,2016-12-04,GROOMING,01
A5-8034,2016-12-05,VACCINATIONS,02
E3-1074,2016-12-05,VACCINATIONS,05
E2-8160,2016-12-05,VACCINATIONS,05
B2-6070,2016-12-05,VACCINATIONS,05
B1-4401,2016-12-05,VACCINATIONS,05
A6-6578,2016-12-05,VACCINATIONS,05
A2-1743,2016-12-05,VACCINATIONS,05
D7-5738,2016-12-05,VACCINATIONS,05
F1-9282,2016-12-05,VACCINATIONS,05
D5-8108,2016-12-05,VACCINATIONS,05
P9-6519,2016-12-05,VACCINATIONS,05
E0-8997,2016-12-05,VACCINATIONS,05
E6-5334,2016-12-05,VACCINATIONS,05
B9-8236,2016-12-05,GROOMING,01
D9-2890,2016-12-05,ORTHOPEDIC,03
C2-9806,2016-12-05,GENERAL SURGERIES,010
C8-1718,2016-12-05,GENERAL SURGERIES,09
A7-8365,2016-12-05,VACCINATIONS,05
B4-6505,2016-12-05,GROOMING,03
F0-7461,2016-12-05,GROOMING,03
E7-6146,2016-12-05,GROOMING,03
E1-5281,2016-12-05,GROOMING,03
A8-2142,2016-12-05,GROOMING,03
B6-2002,2016-12-05,GROOMING,01
A3-5311,2016-12-05,GROOMING,01
B7-3768,2016-12-05,GENERAL SURGERIES,03
B4-6678,2016-12-06,VACCINATIONS,05
C1-2370,2016-12-07,VACCINATIONS,05
A0-2508,2016-12-07,VACCINATIONS,05
F6-2647,2016-12-07,VACCINATIONS,05
B1-1976,2016-12-07,VACCINATIONS,05
A3-8298,2016-12-07,VACCINATIONS,05
A3-7134,2016-12-07,VACCINATIONS,05
B3-1677,2016-12-07,VACCINATIONS,05
F5-9073,2016-12-07,VACCINATIONS,05
C3-6962,2016-12-07,VACCINATIONS,05
C0-1983,2016-12-07,VACCINATIONS,05
B3-9470,2016-12-07,VACCINATIONS,05
D7-8063,2016-12-07,GENERAL SURGERIES,03
C6-2520,2016-12-07,GROOMING,03
A7-5227,2016-12-07,GROOMING,03
D6-2969,2016-12-08,VACCINATIONS,05
A9-9255,2016-12-08,VACCINATIONS,05
D0-9200,2016-12-08,VACCINATIONS,05
F4-4004,2016-12-08,VACCINATIONS,05
A7-9377,2016-12-08,VACCINATIONS,05
A3-6380,2016-12-08,VACCINATIONS,05
E5-1762,2016-12-08,GENERAL SURGERIES,017
C6-8113,2016-12-08,GENERAL SURGERIES,013
E9-1438,2016-12-08,GENERAL SURGERIES,04
B9-1197,2016-12-08,GROOMING,01
B2-3777,2016-12-09,ORTHOPEDIC,02
E6-2760,2016-12-09,VACCINATIONS,05
D8-8024,2016-12-09,VACCINATIONS,05
A8-2833,2016-12-09,VACCINATIONS,05
C6-5424,2016-12-09,VACCINATIONS,05
F4-7157,2016-12-09,GROOMING,01
D2-8077,2016-12-09,GROOMING,01
F5-9207,2016-12-10,VACCINATIONS,05
U4-9376,2016-12-10,VACCINATIONS,05
E1-8901,2016-12-10,VACCINATIONS,05
D9-2642,2016-12-10,VACCINATIONS,05
A9-5944,2016-12-10,VACCINATIONS,05
F6-4090,2016-12-10,VACCINATIONS,05
D1-9915,2016-12-10,VACCINATIONS,05
B4-2852,2016-12-10,VACCINATIONS,05
E5-1974,2016-12-10,VACCINATIONS,05
B1-6596,2016-12-10,VACCINATIONS,05
A3-2832,2016-12-10,VACCINATIONS,05
E9-9605,2016-12-10,OFFICE FEES,01
F9-1705,2016-12-10,GENERAL SURGERIES,019
F3-9876,2016-12-10,GENERAL SURGERIES,019
D7-9958,2016-12-10,GENERAL SURGERIES,014
D8-2206,2016-12-10,VACCINATIONS,06
F8-3593,2016-12-10,ORTHOPEDIC,01
E1-8642,2016-12-10,GROOMING,03
E4-5197,2016-12-10,GROOMING,03
D7-5985,2016-12-10,GROOMING,03
F6-9781,2016-12-10,GROOMING,03
A3-9397,2016-12-10,GROOMING,03
B3-6940,2016-12-10,GROOMING,01
A6-5133,2016-12-10,GROOMING,01
B5-7375,2016-12-10,GROOMING,01
E9-8835,2016-12-10,GROOMING,01
A9-4982,2016-12-10,GROOMING,01
B9-2983,2016-12-10,GROOMING,01
C6-7387,2016-12-11,GENERAL SURGERIES,01
D6-1986,2016-12-11,VACCINATIONS,05
B1-1238,2016-12-11,VACCINATIONS,05
E8-9475,2016-12-11,GENERAL SURGERIES,012
C0-7383,2016-12-12,VACCINATIONS,05
H2-8586,2016-12-13,VACCINATIONS,05
D4-8506,2016-12-14,VACCINATIONS,05
F2-3322,2016-12-14,VACCINATIONS,05
E2-8215,2016-12-14,HOSPITALIZATION,01
C3-1758,2016-12-14,GROOMING,03
C8-7191,2016-12-15,VACCINATIONS,05
B9-5167,2016-12-15,VACCINATIONS,05
E8-2691,2016-12-15,VACCINATIONS,05
F0-6222,2016-12-15,VACCINATIONS,05
C8-6872,2016-12-15,VACCINATIONS,05
D8-4121,2016-12-15,GROOMING,03
C3-6697,2016-12-15,GROOMING,01
B1-9802,2016-12-15,GENERAL SURGERIES,03
F0-1280,2016-12-16,VACCINATIONS,05
E3-5071,2016-12-16,VACCINATIONS,05
C7-7311,2016-12-16,VACCINATIONS,05
B6-6727,2016-12-16,VACCINATIONS,05
E2-2444,2016-12-16,VACCINATIONS,05
D5-4435,2016-12-16,VACCINATIONS,05
A7-3641,2016-12-16,VACCINATIONS,05
D6-8618,2016-12-16,VACCINATIONS,05
F5-4303,2016-12-16,VACCINATIONS,05
E4-9796,2016-12-16,VACCINATIONS,05
L4-6292,2016-12-16,VACCINATIONS,05
E4-9039,2016-12-17,VACCINATIONS,05
E1-1927,2016-12-18,VACCINATIONS,05
E9-3015,2016-12-18,VACCINATIONS,05
F2-9533,2016-12-18,VACCINATIONS,05
B8-4773,2016-12-18,VACCINATIONS,05
C8-5915,2016-12-18,VACCINATIONS,05
B9-6146,2016-12-18,VACCINATIONS,05
B1-1862,2016-12-18,VACCINATIONS,05
D7-3609,2016-12-18,GENERAL SURGERIES,015
E6-8162,2016-12-18,GENERAL SURGERIES,09
E7-1641,2016-12-19,VACCINATIONS,05
C6-3032,2016-12-19,VACCINATIONS,05
B6-8288,2016-12-19,VACCINATIONS,03
E7-1118,2016-12-20,VACCINATIONS,05
F4-7898,2016-12-20,VACCINATIONS,05
C3-6291,2016-12-20,GROOMING,03
B6-8863,2016-12-21,VACCINATIONS,05
E8-1905,2016-12-21,VACCINATIONS,05
C9-1919,2016-12-21,VACCINATIONS,05
D5-7321,2016-12-21,VACCINATIONS,05
B6-9456,2016-12-21,VACCINATIONS,05
E7-9436,2016-12-21,VACCINATIONS,05
F6-7379,2016-12-21,VACCINATIONS,05
A3-4631,2016-12-21,GENERAL SURGERIES,01
C2-9829,2016-12-21,ORTHOPEDIC,05
F6-5391,2016-12-21,GROOMING,01
C2-4285,2016-12-22,GENERAL SURGERIES,06
D0-8476,2016-12-22,VACCINATIONS,05
D0-9315,2016-12-22,VACCINATIONS,05
B2-8510,2016-12-22,VACCINATIONS,05
E5-2506,2016-12-22,VACCINATIONS,05
E2-7685,2016-12-22,VACCINATIONS,05
C9-6271,2016-12-22,VACCINATIONS,05
A4-7641,2016-12-22,VACCINATIONS,05
C4-9271,2016-12-22,VACCINATIONS,05
C5-4333,2016-12-22,VACCINATIONS,05
A2-5269,2016-12-22,VACCINATIONS,05
E9-7968,2016-12-22,HOSPITALIZATION,01
C7-1246,2016-12-22,GENERAL SURGERIES,04
C2-2532,2016-12-22,VACCINATIONS,02
A9-1586,2016-12-22,GENERAL SURGERIES,02
F0-7147,2016-12-22,GROOMING,03
A5-5782,2016-12-22,GROOMING,01
D3-3741,2016-12-22,GROOMING,01
B2-5302,2016-12-23,VACCINATIONS,05
B6-4144,2016-12-23,VACCINATIONS,05
E9-3748,2016-12-23,VACCINATIONS,05
E2-2487,2016-12-23,VACCINATIONS,05
F0-7245,2016-12-23,VACCINATIONS,05
A4-5480,2016-12-23,VACCINATIONS,05
A8-3865,2016-12-24,GROOMING,03
B9-9104,2016-12-25,VACCINATIONS,05
F1-3004,2016-12-26,VACCINATIONS,05
B6-3125,2016-12-26,VACCINATIONS,05
F5-2627,2016-12-27,GROOMING,01
F4-7865,2016-12-27,VACCINATIONS,05
E8-9343,2016-12-27,VACCINATIONS,05
B3-5587,2016-12-27,VACCINATIONS,05
C2-9879,2016-12-27,VACCINATIONS,05
A4-4119,2016-12-27,VACCINATIONS,05
B9-2073,2016-12-27,VACCINATIONS,05
D9-2344,2016-12-27,VACCINATIONS,05
F0-7506,2016-12-27,VACCINATIONS,05
B6-9219,2016-12-27,VACCINATIONS,05
D8-9986,2016-12-27,VACCINATIONS,05
C6-3021,2016-12-27,ORTHOPEDIC,03
D7-9820,2016-12-27,GROOMING,03
B1-6565,2016-12-28,VACCINATIONS,05
D2-9315,2016-12-28,VACCINATIONS,05
B2-7263,2016-12-28,VACCINATIONS,05
D0-5954,2016-12-28,VACCINATIONS,05
A7-2294,2016-12-28,VACCINATIONS,05
E7-6724,2016-12-28,VACCINATIONS,05
C3-9440,2016-12-28,VACCINATIONS,05
A1-3120,2016-12-28,VACCINATIONS,05
A7-7697,2016-12-28,VACCINATIONS,05
C3-5710,2016-12-28,VACCINATIONS,05
C0-5057,2016-12-28,VACCINATIONS,05
F7-6277,2016-12-28,GENERAL SURGERIES,08
A7-8244,2016-12-28,GROOMING,03
D9-4188,2016-12-28,GROOMING,01
D4-3402,2016-12-28,GROOMING,01
E2-1984,2016-12-28,GROOMING,01
D3-9673,2016-12-28,GROOMING,01
B5-7268,2016-12-28,GROOMING,01
B6-6442,2016-12-28,GROOMING,01
A3-6679,2016-12-28,GENERAL SURGERIES,03
E1-4929,2016-12-29,GENERAL SURGERIES,07
F9-5921,2016-12-29,VACCINATIONS,05
C7-8342,2016-12-29,GENERAL SURGERIES,017
B7-8911,2016-12-30,VACCINATIONS,05
B9-8490,2016-12-30,VACCINATIONS,05
A4-2573,2016-12-30,VACCINATIONS,05
B3-8317,2016-12-30,VACCINATIONS,05
C5-4291,2016-12-30,ORTHOPEDIC,03
C6-3299,2016-12-31,VACCINATIONS,05
A1-3879,2016-12-31,VACCINATIONS,05
